date,state,demo_age_5_17,bio_age_5_17,age_5_17,gap_5_17
01-03-2025,Andaman and Nicobar Islands,126,835.0,0.0,126.0
01-03-2025,Andhra Pradesh,48600,183593.0,0.0,48600.0
01-03-2025,Arunachal Pradesh,852,2085.0,0.0,852.0
01-03-2025,Assam,16692,44864.0,0.0,16692.0
01-03-2025,Bihar,95221,272025.0,0.0,95221.0
01-03-2025,Chandigarh,1296,2423.0,0.0,1296.0
01-03-2025,Chhattisgarh,18699,29863.0,0.0,18699.0
01-03-2025,Dadra and Nagar Haveli,49,732.0,0.0,49.0
01-03-2025,Dadra and Nagar Haveli and Daman and Diu,69,20.0,0.0,69.0
01-03-2025,Daman and Diu,18,248.0,0.0,18.0
01-03-2025,Delhi,24234,53868.0,0.0,24234.0
01-03-2025,Goa,1223,2570.0,0.0,1223.0
01-03-2025,Gujarat,67041,132856.0,0.0,67041.0
01-03-2025,Haryana,20543,56535.0,0.0,20543.0
01-03-2025,Himachal Pradesh,4687,13385.0,0.0,4687.0
01-03-2025,Jammu and Kashmir,12688,28615.0,0.0,12688.0
01-03-2025,Jharkhand,22953,115391.0,0.0,22953.0
01-03-2025,Karnataka,86046,107037.0,0.0,86046.0
01-03-2025,Kerala,9410,33075.0,0.0,9410.0
01-03-2025,Ladakh,749,365.0,0.0,749.0
01-03-2025,Madhya Pradesh,73640,249507.0,0.0,73640.0
01-03-2025,Maharashtra,45650,212088.0,0.0,45650.0
01-03-2025,Manipur,4575,4753.0,0.0,4575.0
01-03-2025,Meghalaya,3226,2783.0,0.0,3226.0
01-03-2025,Mizoram,2205,28291.0,0.0,2205.0
01-03-2025,Nagaland,962,2953.0,0.0,962.0
01-03-2025,Odisha,39476,105478.0,0.0,39476.0
01-03-2025,Puducherry,479,700.0,0.0,479.0
01-03-2025,Punjab,10147,55400.0,0.0,10147.0
01-03-2025,Rajasthan,64641,142949.0,0.0,64641.0
01-03-2025,Sikkim,372,1568.0,0.0,372.0
01-03-2025,Tamil Nadu,40573,225433.0,0.0,40573.0
01-03-2025,Telangana,53790,58306.0,0.0,53790.0
01-03-2025,Tripura,2652,22928.0,0.0,2652.0
01-03-2025,Uttar Pradesh,156908,625322.0,0.0,156908.0
01-03-2025,Uttarakhand,10108,18913.0,0.0,10108.0
01-03-2025,West Bengal,35495,72683.0,0.0,35495.0
01-04-2025,Andhra Pradesh,6699,39167.0,0.0,6699.0
01-04-2025,Assam,348,1691.0,76.0,272.0
01-04-2025,Bihar,2204,3314.0,296.0,1908.0
01-04-2025,Chandigarh,3917,4023.0,21.0,3896.0
01-04-2025,Chhattisgarh,6249,8931.0,50.0,6199.0
01-04-2025,Dadra and Nagar Haveli,156,1043.0,0.0,156.0
01-04-2025,Delhi,45578,81634.0,1309.0,44269.0
01-04-2025,Gujarat,7381,14275.0,745.0,6636.0
01-04-2025,Haryana,18749,40305.0,407.0,18342.0
01-04-2025,Himachal Pradesh,324,1087.0,0.0,324.0
01-04-2025,Jammu and Kashmir,7915,13288.0,0.0,7915.0
01-04-2025,Jharkhand,606,2196.0,174.0,432.0
01-04-2025,Karnataka,10519,18561.0,476.0,10043.0
01-04-2025,Madhya Pradesh,29556,110565.0,985.0,28571.0
01-04-2025,Maharashtra,6110,14521.0,781.0,5329.0
01-04-2025,Mizoram,328,2080.0,0.0,328.0
01-04-2025,Punjab,1893,7328.0,362.0,1531.0
01-04-2025,Rajasthan,16546,28002.0,1754.0,14792.0
01-04-2025,Tamil Nadu,4126,12208.0,19.0,4107.0
01-04-2025,Telangana,3617,4224.0,22.0,3595.0
01-04-2025,Uttar Pradesh,18441,55760.0,3795.0,14646.0
01-04-2025,Uttarakhand,4526,6201.0,66.0,4460.0
01-04-2025,West Bengal,2956,5184.0,198.0,2758.0
01-05-2025,Andhra Pradesh,24392,57349.0,0.0,24392.0
01-05-2025,Assam,176,329.0,99.0,77.0
01-05-2025,Bihar,768,1398.0,587.0,181.0
01-05-2025,Chandigarh,2338,2451.0,0.0,2338.0
01-05-2025,Chhattisgarh,6011,10122.0,35.0,5976.0
01-05-2025,Delhi,18132,30048.0,480.0,17652.0
01-05-2025,Gujarat,14688,31057.0,1351.0,13337.0
01-05-2025,Haryana,15613,26740.0,371.0,15242.0
01-05-2025,Himachal Pradesh,136,387.0,0.0,136.0
01-05-2025,Jammu and Kashmir,3992,7610.0,39.0,3953.0
01-05-2025,Jharkhand,320,677.0,0.0,320.0
01-05-2025,Karnataka,20199,33411.0,885.0,19314.0
01-05-2025,Madhya Pradesh,40292,168649.0,1561.0,38731.0
01-05-2025,Maharashtra,9959,23643.0,1107.0,8852.0
01-05-2025,Mizoram,76,267.0,0.0,76.0
01-05-2025,Puducherry,86,156.0,0.0,86.0
01-05-2025,Punjab,4010,11640.0,712.0,3298.0
01-05-2025,Rajasthan,6845,11065.0,343.0,6502.0
01-05-2025,Tamil Nadu,3958,6604.0,0.0,3958.0
01-05-2025,Telangana,4641,5021.0,0.0,4641.0
01-05-2025,Uttar Pradesh,18003,42048.0,4975.0,13028.0
01-05-2025,Uttarakhand,3101,5905.0,135.0,2966.0
01-05-2025,West Bengal,7157,9761.0,783.0,6374.0
01-06-2025,Andhra Pradesh,22824,42228.0,0.0,22824.0
01-06-2025,Assam,195,250.0,75.0,120.0
01-06-2025,Chandigarh,841,1414.0,0.0,841.0
01-06-2025,Chhattisgarh,27315,28953.0,0.0,27315.0
01-06-2025,Delhi,16863,29367.0,1739.0,15124.0
01-06-2025,Gujarat,7858,17380.0,67.0,7791.0
01-06-2025,Haryana,12398,23735.0,557.0,11841.0
01-06-2025,Himachal Pradesh,362,723.0,0.0,362.0
01-06-2025,Jammu and Kashmir,2014,6477.0,0.0,2014.0
01-06-2025,Karnataka,15555,19970.0,0.0,15555.0
01-06-2025,Madhya Pradesh,37214,141386.0,2039.0,35175.0
01-06-2025,Maharashtra,12811,32676.0,1514.0,11297.0
01-06-2025,Mizoram,162,577.0,69.0,93.0
01-06-2025,Punjab,3715,15197.0,184.0,3531.0
01-06-2025,Rajasthan,6789,19986.0,491.0,6298.0
01-06-2025,Tamil Nadu,1420,2123.0,0.0,1420.0
01-06-2025,Telangana,8796,7703.0,178.0,8618.0
01-06-2025,Uttar Pradesh,10059,23647.0,3430.0,6629.0
01-06-2025,Uttarakhand,2226,4124.0,80.0,2146.0
01-06-2025,West Bengal,8350,10291.0,65.0,8285.0
01-07-2025,Andaman and Nicobar Islands,40,130.0,0.0,40.0
01-07-2025,Andhra Pradesh,12952,14382.0,0.0,12952.0
01-07-2025,Assam,4737,5899.0,1111.0,3626.0
01-07-2025,Bihar,628,2424.0,0.0,628.0
01-07-2025,Chandigarh,2093,18651.0,0.0,2093.0
01-07-2025,Chhattisgarh,17056,24441.0,464.0,16592.0
01-07-2025,Delhi,29267,48125.0,3693.0,25574.0
01-07-2025,Gujarat,9325,23393.0,2834.0,6491.0
01-07-2025,Haryana,18456,65711.0,690.0,17766.0
01-07-2025,Himachal Pradesh,83,255.0,0.0,83.0
01-07-2025,Jammu and Kashmir,3811,12391.0,0.0,3811.0
01-07-2025,Karnataka,11744,20529.0,77.0,11667.0
01-07-2025,Madhya Pradesh,65004,185204.0,11498.0,53506.0
01-07-2025,Maharashtra,15732,45723.0,7319.0,8413.0
01-07-2025,Mizoram,41,124.0,57.0,-16.0
01-07-2025,Odisha,1098,1389.0,0.0,1098.0
01-07-2025,Puducherry,248,272.0,0.0,248.0
01-07-2025,Punjab,10968,37906.0,1431.0,9537.0
01-07-2025,Rajasthan,18362,68701.0,5380.0,12982.0
01-07-2025,Tamil Nadu,2973,3878.0,0.0,2973.0
01-07-2025,Telangana,13880,16126.0,1337.0,12543.0
01-07-2025,Uttar Pradesh,31605,71803.0,13567.0,18038.0
01-07-2025,Uttarakhand,4545,7587.0,323.0,4222.0
01-07-2025,West Bengal,13801,25190.0,0.0,13801.0
01-09-2025,Andaman & Nicobar Islands,0,3.0,1.0,-1.0
01-09-2025,Andaman and Nicobar Islands,2,100.0,2.0,0.0
01-09-2025,Andhra Pradesh,1614,4052.0,280.0,1334.0
01-09-2025,Arunachal Pradesh,144,131.0,21.0,123.0
01-09-2025,Assam,1479,2964.0,757.0,722.0
01-09-2025,Bihar,4736,8608.0,3874.0,862.0
01-09-2025,Chandigarh,27,139.0,1.0,26.0
01-09-2025,Chhattisgarh,811,2195.0,206.0,605.0
01-09-2025,Dadra & Nagar Haveli,0,4.0,0.0,0.0
01-09-2025,Dadra and Nagar Haveli,13,17.0,0.0,13.0
01-09-2025,Dadra and Nagar Haveli and Daman and Diu,4,2.0,1.0,3.0
01-09-2025,Daman & Diu,1,0.0,0.0,1.0
01-09-2025,Daman and Diu,0,16.0,1.0,-1.0
01-09-2025,Delhi,603,2263.0,190.0,413.0
01-09-2025,Goa,37,276.0,5.0,32.0
01-09-2025,Gujarat,1058,6156.0,727.0,331.0
01-09-2025,Haryana,601,3566.0,90.0,511.0
01-09-2025,Himachal Pradesh,183,373.0,3.0,180.0
01-09-2025,Jammu & Kashmir,0,0.0,0.0,0.0
01-09-2025,Jammu and Kashmir,316,1339.0,106.0,210.0
01-09-2025,Jharkhand,1473,3994.0,925.0,548.0
01-09-2025,Karnataka,1344,4389.0,461.0,883.0
01-09-2025,Kerala,936,3719.0,365.0,571.0
01-09-2025,Ladakh,4,9.0,5.0,-1.0
01-09-2025,Lakshadweep,0,1.0,0.0,0.0
01-09-2025,Madhya Pradesh,1868,11992.0,1428.0,440.0
01-09-2025,Maharashtra,1398,11749.0,777.0,621.0
01-09-2025,Manipur,185,239.0,78.0,107.0
01-09-2025,Meghalaya,152,142.0,218.0,-66.0
01-09-2025,Mizoram,22,119.0,8.0,14.0
01-09-2025,Nagaland,21,74.0,55.0,-34.0
01-09-2025,ODISHA,0,0.0,0.0,0.0
01-09-2025,Odisha,1558,7001.0,561.0,997.0
01-09-2025,Orissa,31,72.0,11.0,20.0
01-09-2025,Pondicherry,4,31.0,0.0,4.0
01-09-2025,Puducherry,33,180.0,0.0,33.0
01-09-2025,Punjab,314,1751.0,67.0,247.0
01-09-2025,Rajasthan,1916,7962.0,921.0,995.0
01-09-2025,Sikkim,34,33.0,13.0,21.0
01-09-2025,Tamil Nadu,2340,3884.0,307.0,2033.0
01-09-2025,Telangana,1315,3391.0,478.0,837.0
01-09-2025,Tripura,146,338.0,62.0,84.0
01-09-2025,Uttar Pradesh,13740,20903.0,5223.0,8517.0
01-09-2025,Uttarakhand,238,1524.0,39.0,199.0
01-09-2025,West  Bengal,0,0.0,0.0,0.0
01-09-2025,West Bengal,4281,7012.0,1369.0,2912.0
01-09-2025,West bengal,0,0.0,0.0,0.0
01-09-2025,Westbengal,0,0.0,0.0,0.0
01-09-2025,andhra pradesh,0,1.0,0.0,0.0
01-09-2025,odisha,0,0.0,0.0,0.0
01-09-2025,west Bengal,0,0.0,0.0,0.0
01-11-2025,Andaman & Nicobar Islands,0,2.0,0.0,0.0
01-11-2025,Andaman and Nicobar Islands,6,16.0,0.0,6.0
01-11-2025,Andhra Pradesh,5334,16353.0,55.0,5279.0
01-11-2025,Arunachal Pradesh,99,262.0,9.0,90.0
01-11-2025,Assam,865,4308.0,137.0,728.0
01-11-2025,Bihar,3360,2883.0,974.0,2386.0
01-11-2025,Chandigarh,18,122.0,1.0,17.0
01-11-2025,Chhattisgarh,816,7518.0,37.0,779.0
01-11-2025,Dadra and Nagar Haveli,2,35.0,0.0,2.0
01-11-2025,Dadra and Nagar Haveli and Daman and Diu,0,1.0,0.0,0.0
01-11-2025,Daman & Diu,1,6.0,0.0,1.0
01-11-2025,Daman and Diu,4,43.0,0.0,4.0
01-11-2025,Delhi,471,1556.0,70.0,401.0
01-11-2025,Goa,39,208.0,2.0,37.0
01-11-2025,Gujarat,807,8337.0,28.0,779.0
01-11-2025,Haryana,564,2303.0,30.0,534.0
01-11-2025,Himachal Pradesh,183,1312.0,0.0,183.0
01-11-2025,Jammu & Kashmir,0,1.0,0.0,0.0
01-11-2025,Jammu and Kashmir,420,2063.0,17.0,403.0
01-11-2025,Jharkhand,787,831.0,121.0,666.0
01-11-2025,Karnataka,1493,2076.0,74.0,1419.0
01-11-2025,Kerala,863,517.0,44.0,819.0
01-11-2025,Ladakh,3,4.0,0.0,3.0
01-11-2025,Lakshadweep,0,3.0,0.0,0.0
01-11-2025,Madhya Pradesh,986,4148.0,96.0,890.0
01-11-2025,Maharashtra,1420,12553.0,79.0,1341.0
01-11-2025,Manipur,889,1157.0,19.0,870.0
01-11-2025,Meghalaya,51,96.0,154.0,-103.0
01-11-2025,Mizoram,20,107.0,5.0,15.0
01-11-2025,Nagaland,39,176.0,38.0,1.0
01-11-2025,ODISHA,0,0.0,0.0,0.0
01-11-2025,Odisha,1096,8335.0,80.0,1016.0
01-11-2025,Orissa,12,82.0,2.0,10.0
01-11-2025,Pondicherry,3,24.0,1.0,2.0
01-11-2025,Puducherry,27,134.0,0.0,27.0
01-11-2025,Punjab,353,4714.0,109.0,244.0
01-11-2025,Rajasthan,1351,6267.0,161.0,1190.0
01-11-2025,Sikkim,11,29.0,9.0,2.0
01-11-2025,Tamil Nadu,4018,24235.0,287.0,3731.0
01-11-2025,Telangana,3350,10299.0,103.0,3247.0
01-11-2025,Tripura,149,726.0,14.0,135.0
01-11-2025,Uttar Pradesh,7388,28170.0,1253.0,6135.0
01-11-2025,Uttarakhand,374,2198.0,17.0,357.0
01-11-2025,WEST BENGAL,2,0.0,0.0,2.0
01-11-2025,WESTBENGAL,0,0.0,0.0,0.0
01-11-2025,West  Bengal,0,0.0,0.0,0.0
01-11-2025,West Bangal,0,0.0,0.0,0.0
01-11-2025,West Bengal,4188,4237.0,333.0,3855.0
01-11-2025,West bengal,0,0.0,0.0,0.0
01-12-2025,Andaman & Nicobar Islands,0,6.0,0.0,0.0
01-12-2025,Andaman and Nicobar Islands,6,68.0,0.0,6.0
01-12-2025,Andhra Pradesh,3455,5526.0,0.0,3455.0
01-12-2025,Arunachal Pradesh,14,68.0,0.0,14.0
01-12-2025,Assam,617,1268.0,0.0,617.0
01-12-2025,Bihar,2340,7844.0,0.0,2340.0
01-12-2025,Chandigarh,7,49.0,0.0,7.0
01-12-2025,Chhattisgarh,776,5809.0,0.0,776.0
01-12-2025,Dadra and Nagar Haveli,6,25.0,0.0,6.0
01-12-2025,Dadra and Nagar Haveli and Daman and Diu,1,2.0,0.0,1.0
01-12-2025,Daman & Diu,0,1.0,0.0,0.0
01-12-2025,Daman and Diu,1,0.0,0.0,1.0
01-12-2025,Delhi,256,1272.0,0.0,256.0
01-12-2025,Goa,12,65.0,0.0,12.0
01-12-2025,Gujarat,640,3328.0,0.0,640.0
01-12-2025,Haryana,420,3707.0,0.0,420.0
01-12-2025,Himachal Pradesh,116,927.0,0.0,116.0
01-12-2025,Jammu & Kashmir,0,1.0,0.0,0.0
01-12-2025,Jammu and Kashmir,321,1417.0,0.0,321.0
01-12-2025,Jharkhand,653,2045.0,0.0,653.0
01-12-2025,Karnataka,1384,1886.0,0.0,1384.0
01-12-2025,Kerala,441,813.0,0.0,441.0
01-12-2025,Ladakh,7,4.0,0.0,7.0
01-12-2025,Madhya Pradesh,1373,10759.0,0.0,1373.0
01-12-2025,Maharashtra,1700,14054.0,0.0,1700.0
01-12-2025,Manipur,320,448.0,0.0,320.0
01-12-2025,Meghalaya,27,57.0,0.0,27.0
01-12-2025,Mizoram,12,140.0,0.0,12.0
01-12-2025,Nagaland,29,48.0,0.0,29.0
01-12-2025,ODISHA,0,0.0,0.0,0.0
01-12-2025,Odisha,1410,4375.0,0.0,1410.0
01-12-2025,Orissa,20,43.0,0.0,20.0
01-12-2025,Pondicherry,1,16.0,0.0,1.0
01-12-2025,Puducherry,8,85.0,0.0,8.0
01-12-2025,Punjab,147,2214.0,0.0,147.0
01-12-2025,Rajasthan,1235,11707.0,0.0,1235.0
01-12-2025,Sikkim,14,30.0,0.0,14.0
01-12-2025,Tamil Nadu,2691,18999.0,0.0,2691.0
01-12-2025,Telangana,1913,7782.0,0.0,1913.0
01-12-2025,Tripura,116,1003.0,0.0,116.0
01-12-2025,Uttar Pradesh,4452,52020.0,0.0,4452.0
01-12-2025,Uttarakhand,292,11271.0,0.0,292.0
01-12-2025,West Bangal,0,0.0,0.0,0.0
01-12-2025,West Bengal,1733,3787.0,0.0,1733.0
01-12-2025,West bengal,0,0.0,0.0,0.0
01-12-2025,andhra pradesh,0,0.0,0.0,0.0
02-09-2025,Andaman & Nicobar Islands,0,4.0,0.0,0.0
02-09-2025,Andaman and Nicobar Islands,8,84.0,1.0,7.0
02-09-2025,Andhra Pradesh,1640,5049.0,271.0,1369.0
02-09-2025,Arunachal Pradesh,127,205.0,42.0,85.0
02-09-2025,Assam,1332,3199.0,938.0,394.0
02-09-2025,Bihar,5219,6622.0,5005.0,214.0
02-09-2025,Chandigarh,56,104.0,1.0,55.0
02-09-2025,Chhattisgarh,866,1501.0,242.0,624.0
02-09-2025,Dadra & Nagar Haveli,2,1.0,0.0,2.0
02-09-2025,Dadra and Nagar Haveli,19,79.0,3.0,16.0
02-09-2025,Dadra and Nagar Haveli and Daman and Diu,4,4.0,0.0,4.0
02-09-2025,Daman & Diu,1,1.0,0.0,1.0
02-09-2025,Daman and Diu,2,8.0,0.0,2.0
02-09-2025,Delhi,692,1813.0,199.0,493.0
02-09-2025,Goa,28,95.0,8.0,20.0
02-09-2025,Gujarat,1609,5613.0,842.0,767.0
02-09-2025,Haryana,628,3476.0,78.0,550.0
02-09-2025,Himachal Pradesh,121,353.0,5.0,116.0
02-09-2025,Jammu & Kashmir,0,0.0,0.0,0.0
02-09-2025,Jammu and Kashmir,315,1326.0,108.0,207.0
02-09-2025,Jharkhand,1292,4489.0,941.0,351.0
02-09-2025,Karnataka,1469,5099.0,409.0,1060.0
02-09-2025,Kerala,760,3975.0,302.0,458.0
02-09-2025,Ladakh,4,2.0,3.0,1.0
02-09-2025,Lakshadweep,2,5.0,0.0,2.0
02-09-2025,Madhya Pradesh,1956,8737.0,1283.0,673.0
02-09-2025,Maharashtra,1470,14926.0,911.0,559.0
02-09-2025,Manipur,233,1058.0,112.0,121.0
02-09-2025,Meghalaya,91,130.0,176.0,-85.0
02-09-2025,Mizoram,39,383.0,13.0,26.0
02-09-2025,Nagaland,26,129.0,89.0,-63.0
02-09-2025,Odisha,932,6504.0,389.0,543.0
02-09-2025,Orissa,17,55.0,8.0,9.0
02-09-2025,Pondicherry,4,34.0,1.0,3.0
02-09-2025,Puducherry,26,160.0,2.0,24.0
02-09-2025,Punjab,253,1256.0,75.0,178.0
02-09-2025,Rajasthan,1371,5753.0,750.0,621.0
02-09-2025,Sikkim,31,17.0,16.0,15.0
02-09-2025,Tamil Nadu,2707,3359.0,300.0,2407.0
02-09-2025,Telangana,1659,3380.0,415.0,1244.0
02-09-2025,Tripura,175,316.0,87.0,88.0
02-09-2025,Uttar Pradesh,12473,18147.0,4687.0,7786.0
02-09-2025,Uttarakhand,208,785.0,30.0,178.0
02-09-2025,West  Bengal,0,0.0,0.0,0.0
02-09-2025,West Bangal,0,0.0,0.0,0.0
02-09-2025,West Bengal,4412,6548.0,1144.0,3268.0
02-09-2025,West bengal,0,0.0,0.0,0.0
02-09-2025,andhra pradesh,0,0.0,0.0,0.0
02-09-2025,odisha,0,0.0,0.0,0.0
02-09-2025,west Bengal,0,0.0,0.0,0.0
02-11-2025,Andaman & Nicobar Islands,0,0.0,0.0,0.0
02-11-2025,Andaman and Nicobar Islands,9,71.0,0.0,9.0
02-11-2025,Andhra Pradesh,4870,6800.0,287.0,4583.0
02-11-2025,Arunachal Pradesh,29,60.0,12.0,17.0
02-11-2025,Assam,379,2827.0,640.0,-261.0
02-11-2025,Bihar,2217,10019.0,3785.0,-1568.0
02-11-2025,Chandigarh,15,90.0,1.0,14.0
02-11-2025,Chhattisgarh,678,11258.0,417.0,261.0
02-11-2025,Dadra & Nagar Haveli,0,0.0,0.0,0.0
02-11-2025,Dadra and Nagar Haveli,7,5.0,0.0,7.0
02-11-2025,Dadra and Nagar Haveli and Daman and Diu,5,0.0,0.0,5.0
02-11-2025,Daman and Diu,2,1.0,1.0,1.0
02-11-2025,Delhi,404,1777.0,236.0,168.0
02-11-2025,Goa,12,78.0,2.0,10.0
02-11-2025,Gujarat,757,2352.0,468.0,289.0
02-11-2025,Haryana,616,4364.0,129.0,487.0
02-11-2025,Himachal Pradesh,146,2109.0,10.0,136.0
02-11-2025,Jammu and Kashmir,191,1933.0,198.0,-7.0
02-11-2025,Jharkhand,349,3250.0,1162.0,-813.0
02-11-2025,Karnataka,607,2819.0,291.0,316.0
02-11-2025,Kerala,289,1149.0,231.0,58.0
02-11-2025,Ladakh,4,13.0,0.0,4.0
02-11-2025,Lakshadweep,2,6.0,0.0,2.0
02-11-2025,Madhya Pradesh,834,10511.0,1262.0,-428.0
02-11-2025,Maharashtra,986,14773.0,1070.0,-84.0
02-11-2025,Manipur,805,1783.0,186.0,619.0
02-11-2025,Meghalaya,15,18.0,31.0,-16.0
02-11-2025,Mizoram,8,23.0,1.0,7.0
02-11-2025,Nagaland,21,102.0,36.0,-15.0
02-11-2025,Odisha,603,2186.0,373.0,230.0
02-11-2025,Orissa,13,10.0,9.0,4.0
02-11-2025,Pondicherry,7,18.0,0.0,7.0
02-11-2025,Puducherry,39,104.0,2.0,37.0
02-11-2025,Punjab,120,1123.0,163.0,-43.0
02-11-2025,Rajasthan,1039,5543.0,1799.0,-760.0
02-11-2025,Sikkim,2,11.0,10.0,-8.0
02-11-2025,Tamil Nadu,3935,16847.0,937.0,2998.0
02-11-2025,Telangana,3693,4124.0,528.0,3165.0
02-11-2025,Tripura,43,334.0,67.0,-24.0
02-11-2025,Uttar Pradesh,3764,44977.0,7299.0,-3535.0
02-11-2025,Uttarakhand,242,3302.0,81.0,161.0
02-11-2025,West Bengal,1311,4158.0,1307.0,4.0
02-11-2025,Westbengal,0,0.0,0.0,0.0
02-11-2025,andhra pradesh,0,0.0,0.0,0.0
02-12-2025,Andaman & Nicobar Islands,0,5.0,0.0,0.0
02-12-2025,Andaman and Nicobar Islands,9,110.0,0.0,9.0
02-12-2025,Andhra Pradesh,5630,12448.0,0.0,5630.0
02-12-2025,Arunachal Pradesh,99,692.0,0.0,99.0
02-12-2025,Assam,1105,5105.0,0.0,1105.0
02-12-2025,Bihar,5134,9844.0,0.0,5134.0
02-12-2025,Chandigarh,42,134.0,0.0,42.0
02-12-2025,Chhattisgarh,1468,5952.0,0.0,1468.0
02-12-2025,Dadra & Nagar Haveli,0,1.0,0.0,0.0
02-12-2025,Dadra and Nagar Haveli,0,18.0,0.0,0.0
02-12-2025,Dadra and Nagar Haveli and Daman and Diu,2,1.0,0.0,2.0
02-12-2025,Daman & Diu,0,3.0,0.0,0.0
02-12-2025,Daman and Diu,5,51.0,0.0,5.0
02-12-2025,Delhi,421,1767.0,0.0,421.0
02-12-2025,Goa,22,331.0,0.0,22.0
02-12-2025,Gujarat,1147,12642.0,0.0,1147.0
02-12-2025,Haryana,669,4503.0,0.0,669.0
02-12-2025,Himachal Pradesh,217,1458.0,0.0,217.0
02-12-2025,Jammu & Kashmir,1,1.0,0.0,1.0
02-12-2025,Jammu and Kashmir,504,4619.0,0.0,504.0
02-12-2025,Jharkhand,1349,4449.0,0.0,1349.0
02-12-2025,Karnataka,2064,11592.0,0.0,2064.0
02-12-2025,Kerala,863,5101.0,0.0,863.0
02-12-2025,Ladakh,17,5.0,0.0,17.0
02-12-2025,Lakshadweep,0,12.0,0.0,0.0
02-12-2025,Madhya Pradesh,1792,11385.0,0.0,1792.0
02-12-2025,Maharashtra,1725,23269.0,0.0,1725.0
02-12-2025,Manipur,435,752.0,0.0,435.0
02-12-2025,Meghalaya,39,84.0,0.0,39.0
02-12-2025,Mizoram,36,405.0,0.0,36.0
02-12-2025,Nagaland,21,202.0,0.0,21.0
02-12-2025,Odisha,1148,7471.0,0.0,1148.0
02-12-2025,Orissa,31,130.0,0.0,31.0
02-12-2025,Pondicherry,18,54.0,0.0,18.0
02-12-2025,Puducherry,47,204.0,0.0,47.0
02-12-2025,Punjab,383,9553.0,0.0,383.0
02-12-2025,Rajasthan,2100,15553.0,0.0,2100.0
02-12-2025,Sikkim,15,56.0,0.0,15.0
02-12-2025,Tamil Nadu,5664,23580.0,0.0,5664.0
02-12-2025,Telangana,1295,4969.0,0.0,1295.0
02-12-2025,Tripura,160,1053.0,0.0,160.0
02-12-2025,Uttar Pradesh,4630,30951.0,0.0,4630.0
02-12-2025,Uttarakhand,482,12009.0,0.0,482.0
02-12-2025,West  Bengal,0,0.0,0.0,0.0
02-12-2025,West Bangal,0,0.0,0.0,0.0
02-12-2025,West Bengal,2832,8155.0,0.0,2832.0
02-12-2025,West Bengli,0,0.0,0.0,0.0
02-12-2025,Westbengal,0,1.0,0.0,0.0
02-12-2025,andhra pradesh,0,1.0,0.0,0.0
03-09-2025,Andaman & Nicobar Islands,1,7.0,0.0,1.0
03-09-2025,Andaman and Nicobar Islands,3,79.0,1.0,2.0
03-09-2025,Andhra Pradesh,1572,6504.0,259.0,1313.0
03-09-2025,Arunachal Pradesh,133,368.0,35.0,98.0
03-09-2025,Assam,1130,3361.0,665.0,465.0
03-09-2025,Bihar,4305,8987.0,4326.0,-21.0
03-09-2025,Chandigarh,32,85.0,1.0,31.0
03-09-2025,Chhattisgarh,690,1910.0,189.0,501.0
03-09-2025,Dadra & Nagar Haveli,3,1.0,0.0,3.0
03-09-2025,Dadra and Nagar Haveli,1,11.0,0.0,1.0
03-09-2025,Dadra and Nagar Haveli and Daman and Diu,4,6.0,0.0,4.0
03-09-2025,Daman & Diu,0,0.0,0.0,0.0
03-09-2025,Daman and Diu,2,12.0,0.0,2.0
03-09-2025,Delhi,527,1537.0,146.0,381.0
03-09-2025,Goa,18,69.0,5.0,13.0
03-09-2025,Gujarat,1300,4946.0,636.0,664.0
03-09-2025,Haryana,570,3142.0,63.0,507.0
03-09-2025,Himachal Pradesh,79,210.0,1.0,78.0
03-09-2025,Jammu & Kashmir,2,0.0,0.0,2.0
03-09-2025,Jammu and Kashmir,148,646.0,57.0,91.0
03-09-2025,Jharkhand,624,753.0,309.0,315.0
03-09-2025,Karnataka,1256,3747.0,365.0,891.0
03-09-2025,Kerala,632,2771.0,319.0,313.0
03-09-2025,Ladakh,0,1.0,0.0,0.0
03-09-2025,Lakshadweep,0,2.0,0.0,0.0
03-09-2025,Madhya Pradesh,1919,8232.0,1171.0,748.0
03-09-2025,Maharashtra,1509,11976.0,916.0,593.0
03-09-2025,Manipur,163,824.0,57.0,106.0
03-09-2025,Meghalaya,75,139.0,214.0,-139.0
03-09-2025,Mizoram,39,170.0,12.0,27.0
03-09-2025,Nagaland,20,79.0,56.0,-36.0
03-09-2025,Odisha,844,4357.0,335.0,509.0
03-09-2025,Orissa,16,35.0,2.0,14.0
03-09-2025,Pondicherry,2,27.0,0.0,2.0
03-09-2025,Puducherry,14,144.0,1.0,13.0
03-09-2025,Punjab,286,2363.0,91.0,195.0
03-09-2025,Rajasthan,1797,18764.0,1145.0,652.0
03-09-2025,Sikkim,33,37.0,24.0,9.0
03-09-2025,Tamil Nadu,2322,4494.0,449.0,1873.0
03-09-2025,Telangana,880,2136.0,307.0,573.0
03-09-2025,Tripura,89,263.0,57.0,32.0
03-09-2025,Uttar Pradesh,7900,17326.0,4722.0,3178.0
03-09-2025,Uttarakhand,188,867.0,34.0,154.0
03-09-2025,WESTBENGAL,0,0.0,0.0,0.0
03-09-2025,West  Bengal,3,0.0,0.0,3.0
03-09-2025,West Bangal,1,1.0,0.0,1.0
03-09-2025,West Bengal,2016,4337.0,888.0,1128.0
03-09-2025,Westbengal,0,0.0,0.0,0.0
03-11-2025,Andaman & Nicobar Islands,1,9.0,0.0,1.0
03-11-2025,Andaman and Nicobar Islands,12,35.0,0.0,12.0
03-11-2025,Andhra Pradesh,4562,9091.0,108.0,4454.0
03-11-2025,Arunachal Pradesh,101,295.0,25.0,76.0
03-11-2025,Assam,1060,3012.0,256.0,804.0
03-11-2025,Bihar,5105,9965.0,1486.0,3619.0
03-11-2025,Chandigarh,56,175.0,2.0,54.0
03-11-2025,Chhattisgarh,1912,14249.0,93.0,1819.0
03-11-2025,Dadra & Nagar Haveli,0,3.0,0.0,0.0
03-11-2025,Dadra and Nagar Haveli,33,55.0,0.0,33.0
03-11-2025,Dadra and Nagar Haveli and Daman and Diu,4,3.0,0.0,4.0
03-11-2025,Daman & Diu,0,3.0,0.0,0.0
03-11-2025,Daman and Diu,1,24.0,0.0,1.0
03-11-2025,Delhi,730,2011.0,43.0,687.0
03-11-2025,Goa,33,138.0,3.0,30.0
03-11-2025,Gujarat,1648,4185.0,116.0,1532.0
03-11-2025,Haryana,1021,3703.0,41.0,980.0
03-11-2025,Himachal Pradesh,238,2134.0,2.0,236.0
03-11-2025,Jammu & Kashmir,0,0.0,0.0,0.0
03-11-2025,Jammu and Kashmir,196,1292.0,50.0,146.0
03-11-2025,Jharkhand,938,4030.0,296.0,642.0
03-11-2025,Karnataka,1622,2088.0,99.0,1523.0
03-11-2025,Kerala,645,763.0,72.0,573.0
03-11-2025,Ladakh,8,17.0,2.0,6.0
03-11-2025,Lakshadweep,4,6.0,0.0,4.0
03-11-2025,Madhya Pradesh,3190,14984.0,440.0,2750.0
03-11-2025,Maharashtra,3867,14631.0,396.0,3471.0
03-11-2025,Manipur,849,1324.0,43.0,806.0
03-11-2025,Meghalaya,106,301.0,83.0,23.0
03-11-2025,Mizoram,28,94.0,7.0,21.0
03-11-2025,Nagaland,51,264.0,43.0,8.0
03-11-2025,Odisha,2226,8502.0,131.0,2095.0
03-11-2025,Orissa,36,85.0,3.0,33.0
03-11-2025,Pondicherry,22,27.0,1.0,21.0
03-11-2025,Puducherry,62,132.0,3.0,59.0
03-11-2025,Punjab,519,3356.0,81.0,438.0
03-11-2025,Rajasthan,2863,9602.0,604.0,2259.0
03-11-2025,Sikkim,32,33.0,5.0,27.0
03-11-2025,Tamil Nadu,5551,19259.0,792.0,4759.0
03-11-2025,Telangana,2737,5498.0,145.0,2592.0
03-11-2025,Tripura,149,474.0,17.0,132.0
03-11-2025,Uttar Pradesh,5825,20557.0,1074.0,4751.0
03-11-2025,Uttarakhand,284,1629.0,21.0,263.0
03-11-2025,WESTBENGAL,0,0.0,0.0,0.0
03-11-2025,West Bangal,0,0.0,0.0,0.0
03-11-2025,West Bengal,1503,1600.0,404.0,1099.0
03-11-2025,andhra pradesh,0,0.0,0.0,0.0
03-12-2025,Andaman & Nicobar Islands,0,10.0,0.0,0.0
03-12-2025,Andaman and Nicobar Islands,6,74.0,0.0,6.0
03-12-2025,Andhra Pradesh,3122,5231.0,0.0,3122.0
03-12-2025,Arunachal Pradesh,38,294.0,0.0,38.0
03-12-2025,Assam,665,2789.0,0.0,665.0
03-12-2025,Bihar,2952,6509.0,0.0,2952.0
03-12-2025,Chandigarh,30,50.0,0.0,30.0
03-12-2025,Chhattisgarh,1193,4907.0,0.0,1193.0
03-12-2025,Dadra & Nagar Haveli,0,0.0,0.0,0.0
03-12-2025,Dadra and Nagar Haveli,16,29.0,0.0,16.0
03-12-2025,Dadra and Nagar Haveli and Daman and Diu,1,4.0,0.0,1.0
03-12-2025,Daman & Diu,0,0.0,0.0,0.0
03-12-2025,Daman and Diu,0,5.0,0.0,0.0
03-12-2025,Delhi,679,1873.0,0.0,679.0
03-12-2025,Goa,23,125.0,0.0,23.0
03-12-2025,Gujarat,1604,5381.0,0.0,1604.0
03-12-2025,Haryana,1028,4620.0,0.0,1028.0
03-12-2025,Himachal Pradesh,314,1826.0,0.0,314.0
03-12-2025,Jammu & Kashmir,0,0.0,0.0,0.0
03-12-2025,Jammu and Kashmir,634,5424.0,0.0,634.0
03-12-2025,Jharkhand,1170,5254.0,0.0,1170.0
03-12-2025,Karnataka,2725,7904.0,0.0,2725.0
03-12-2025,Kerala,1073,4025.0,0.0,1073.0
03-12-2025,Ladakh,23,12.0,0.0,23.0
03-12-2025,Lakshadweep,3,13.0,0.0,3.0
03-12-2025,Madhya Pradesh,3188,15374.0,0.0,3188.0
03-12-2025,Maharashtra,4442,25777.0,0.0,4442.0
03-12-2025,Manipur,621,737.0,0.0,621.0
03-12-2025,Meghalaya,111,159.0,0.0,111.0
03-12-2025,Mizoram,53,372.0,0.0,53.0
03-12-2025,Nagaland,42,367.0,0.0,42.0
03-12-2025,Odisha,2416,5173.0,0.0,2416.0
03-12-2025,Orissa,48,40.0,0.0,48.0
03-12-2025,Pondicherry,10,24.0,0.0,10.0
03-12-2025,Puducherry,40,53.0,0.0,40.0
03-12-2025,Punjab,441,4208.0,0.0,441.0
03-12-2025,Rajasthan,2552,8791.0,0.0,2552.0
03-12-2025,Sikkim,24,16.0,0.0,24.0
03-12-2025,Tamil Nadu,3940,11714.0,0.0,3940.0
03-12-2025,Telangana,1807,4472.0,0.0,1807.0
03-12-2025,Tripura,134,1091.0,0.0,134.0
03-12-2025,Uttar Pradesh,5982,28405.0,0.0,5982.0
03-12-2025,Uttarakhand,582,6642.0,0.0,582.0
03-12-2025,WEST BENGAL,0,0.0,0.0,0.0
03-12-2025,West  Bengal,0,0.0,0.0,0.0
03-12-2025,West Bangal,0,0.0,0.0,0.0
03-12-2025,West Bengal,2408,5362.0,0.0,2408.0
03-12-2025,Westbengal,0,0.0,0.0,0.0
04-09-2025,Andaman & Nicobar Islands,0,0.0,0.0,0.0
04-09-2025,Andaman and Nicobar Islands,4,41.0,1.0,3.0
04-09-2025,Andhra Pradesh,1302,2900.0,164.0,1138.0
04-09-2025,Arunachal Pradesh,99,317.0,34.0,65.0
04-09-2025,Assam,1116,4174.0,726.0,390.0
04-09-2025,Bihar,3954,8710.0,3540.0,414.0
04-09-2025,Chandigarh,71,133.0,4.0,67.0
04-09-2025,Chhattisgarh,693,2286.0,181.0,512.0
04-09-2025,Dadra & Nagar Haveli,0,0.0,0.0,0.0
04-09-2025,Dadra and Nagar Haveli,30,92.0,1.0,29.0
04-09-2025,Dadra and Nagar Haveli and Daman and Diu,1,2.0,2.0,-1.0
04-09-2025,Daman & Diu,1,0.0,0.0,1.0
04-09-2025,Daman and Diu,2,9.0,0.0,2.0
04-09-2025,Delhi,662,3173.0,224.0,438.0
04-09-2025,Goa,22,160.0,3.0,19.0
04-09-2025,Gujarat,1249,5262.0,640.0,609.0
04-09-2025,Haryana,572,2812.0,64.0,508.0
04-09-2025,Himachal Pradesh,88,306.0,6.0,82.0
04-09-2025,Jammu & Kashmir,0,0.0,1.0,-1.0
04-09-2025,Jammu and Kashmir,187,878.0,69.0,118.0
04-09-2025,Jharkhand,491,1052.0,276.0,215.0
04-09-2025,Karnataka,847,3682.0,248.0,599.0
04-09-2025,Kerala,114,464.0,51.0,63.0
04-09-2025,Ladakh,3,6.0,1.0,2.0
04-09-2025,Lakshadweep,0,1.0,0.0,0.0
04-09-2025,Madhya Pradesh,2206,10018.0,1249.0,957.0
04-09-2025,Maharashtra,2045,14444.0,979.0,1066.0
04-09-2025,Manipur,155,312.0,84.0,71.0
04-09-2025,Meghalaya,119,127.0,204.0,-85.0
04-09-2025,Mizoram,56,128.0,9.0,47.0
04-09-2025,Nagaland,41,88.0,47.0,-6.0
04-09-2025,Odisha,1094,4614.0,407.0,687.0
04-09-2025,Orissa,26,56.0,7.0,19.0
04-09-2025,Pondicherry,1,22.0,0.0,1.0
04-09-2025,Puducherry,35,159.0,3.0,32.0
04-09-2025,Punjab,394,1767.0,70.0,324.0
04-09-2025,Rajasthan,1650,14056.0,1168.0,482.0
04-09-2025,Sikkim,27,21.0,14.0,13.0
04-09-2025,Tamil Nadu,2782,3824.0,386.0,2396.0
04-09-2025,Telangana,2021,2903.0,515.0,1506.0
04-09-2025,Tripura,203,325.0,69.0,134.0
04-09-2025,Uttar Pradesh,14324,23319.0,6153.0,8171.0
04-09-2025,Uttarakhand,309,1124.0,44.0,265.0
04-09-2025,WEST BENGAL,0,0.0,0.0,0.0
04-09-2025,WESTBENGAL,0,0.0,0.0,0.0
04-09-2025,West  Bengal,0,0.0,0.0,0.0
04-09-2025,West Bangal,0,0.0,0.0,0.0
04-09-2025,West Bengal,3198,5394.0,1073.0,2125.0
04-09-2025,Westbengal,0,0.0,0.0,0.0
04-11-2025,Andaman & Nicobar Islands,0,0.0,0.0,0.0
04-11-2025,Andaman and Nicobar Islands,3,0.0,0.0,3.0
04-11-2025,Andhra Pradesh,3637,12389.0,0.0,3637.0
04-11-2025,Arunachal Pradesh,49,641.0,0.0,49.0
04-11-2025,Assam,802,5976.0,4.0,798.0
04-11-2025,Bihar,3819,2080.0,51.0,3768.0
04-11-2025,Chandigarh,44,27.0,0.0,44.0
04-11-2025,Chhattisgarh,959,609.0,6.0,953.0
04-11-2025,Dadra & Nagar Haveli,0,1.0,0.0,0.0
04-11-2025,Dadra and Nagar Haveli,2,7.0,0.0,2.0
04-11-2025,Dadra and Nagar Haveli and Daman and Diu,0,0.0,0.0,0.0
04-11-2025,Daman & Diu,0,4.0,0.0,0.0
04-11-2025,Daman and Diu,12,46.0,0.0,12.0
04-11-2025,Delhi,442,1332.0,1.0,441.0
04-11-2025,Goa,41,211.0,0.0,41.0
04-11-2025,Gujarat,1312,4582.0,1.0,1311.0
04-11-2025,Haryana,511,845.0,1.0,510.0
04-11-2025,Himachal Pradesh,100,167.0,0.0,100.0
04-11-2025,Jammu & Kashmir,0,0.0,0.0,0.0
04-11-2025,Jammu and Kashmir,211,3466.0,0.0,211.0
04-11-2025,Jharkhand,715,737.0,8.0,707.0
04-11-2025,Karnataka,1991,4124.0,1.0,1990.0
04-11-2025,Kerala,988,2261.0,3.0,985.0
04-11-2025,Ladakh,2,7.0,0.0,2.0
04-11-2025,Lakshadweep,2,6.0,0.0,2.0
04-11-2025,Madhya Pradesh,1914,1177.0,17.0,1897.0
04-11-2025,Maharashtra,2864,15087.0,6.0,2858.0
04-11-2025,Manipur,942,1840.0,0.0,942.0
04-11-2025,Meghalaya,61,496.0,4.0,57.0
04-11-2025,Mizoram,6,71.0,0.0,6.0
04-11-2025,Nagaland,76,117.0,0.0,76.0
04-11-2025,Odisha,1667,7369.0,9.0,1658.0
04-11-2025,Orissa,30,50.0,1.0,29.0
04-11-2025,Pondicherry,19,31.0,0.0,19.0
04-11-2025,Puducherry,38,144.0,0.0,38.0
04-11-2025,Punjab,460,2744.0,2.0,458.0
04-11-2025,Rajasthan,1746,555.0,16.0,1730.0
04-11-2025,Sikkim,29,20.0,0.0,29.0
04-11-2025,Tamil Nadu,8831,28569.0,3.0,8828.0
04-11-2025,Telangana,2733,12102.0,7.0,2726.0
04-11-2025,Tripura,84,865.0,1.0,83.0
04-11-2025,Uttar Pradesh,4932,3167.0,56.0,4876.0
04-11-2025,Uttarakhand,237,214.0,1.0,236.0
04-11-2025,West  Bengal,0,0.0,0.0,0.0
04-11-2025,West Bangal,0,0.0,0.0,0.0
04-11-2025,West Bengal,2234,3832.0,17.0,2217.0
04-11-2025,West bengal,0,0.0,0.0,0.0
04-11-2025,andhra pradesh,0,0.0,0.0,0.0
04-12-2025,Andaman & Nicobar Islands,0,7.0,0.0,0.0
04-12-2025,Andaman and Nicobar Islands,6,91.0,0.0,6.0
04-12-2025,Andhra Pradesh,3413,10249.0,0.0,3413.0
04-12-2025,Arunachal Pradesh,64,550.0,0.0,64.0
04-12-2025,Assam,1033,4564.0,0.0,1033.0
04-12-2025,Bihar,5003,13609.0,0.0,5003.0
04-12-2025,Chandigarh,48,144.0,0.0,48.0
04-12-2025,Chhatisgarh,0,0.0,0.0,0.0
04-12-2025,Chhattisgarh,2278,13526.0,0.0,2278.0
04-12-2025,Dadra & Nagar Haveli,0,0.0,0.0,0.0
04-12-2025,Dadra and Nagar Haveli,16,47.0,0.0,16.0
04-12-2025,Dadra and Nagar Haveli and Daman and Diu,0,0.0,0.0,0.0
04-12-2025,Daman & Diu,0,2.0,0.0,0.0
04-12-2025,Daman and Diu,4,26.0,0.0,4.0
04-12-2025,Delhi,697,2258.0,0.0,697.0
04-12-2025,Goa,37,203.0,0.0,37.0
04-12-2025,Gujarat,1801,8169.0,0.0,1801.0
04-12-2025,Haryana,1174,3796.0,0.0,1174.0
04-12-2025,Himachal Pradesh,323,1539.0,0.0,323.0
04-12-2025,Jammu & Kashmir,0,0.0,0.0,0.0
04-12-2025,Jammu and Kashmir,849,3706.0,0.0,849.0
04-12-2025,Jharkhand,1933,5069.0,0.0,1933.0
04-12-2025,Karnataka,2528,4216.0,0.0,2528.0
04-12-2025,Kerala,952,2640.0,0.0,952.0
04-12-2025,Ladakh,12,20.0,0.0,12.0
04-12-2025,Lakshadweep,0,7.0,0.0,0.0
04-12-2025,Madhya Pradesh,3314,19171.0,0.0,3314.0
04-12-2025,Maharashtra,3370,26681.0,0.0,3370.0
04-12-2025,Manipur,404,292.0,0.0,404.0
04-12-2025,Meghalaya,107,129.0,0.0,107.0
04-12-2025,Mizoram,48,472.0,0.0,48.0
04-12-2025,Nagaland,38,161.0,0.0,38.0
04-12-2025,ODISHA,0,0.0,0.0,0.0
04-12-2025,Odisha,1164,3637.0,0.0,1164.0
04-12-2025,Orissa,19,45.0,0.0,19.0
04-12-2025,Pondicherry,12,37.0,0.0,12.0
04-12-2025,Puducherry,48,90.0,0.0,48.0
04-12-2025,Punjab,313,4170.0,0.0,313.0
04-12-2025,Rajasthan,2189,12005.0,0.0,2189.0
04-12-2025,Sikkim,6,14.0,0.0,6.0
04-12-2025,Tamil Nadu,3364,13135.0,0.0,3364.0
04-12-2025,Telangana,1271,5304.0,0.0,1271.0
04-12-2025,Tripura,156,715.0,0.0,156.0
04-12-2025,Uttar Pradesh,4945,24533.0,0.0,4945.0
04-12-2025,Uttarakhand,315,5693.0,0.0,315.0
04-12-2025,West Bengal,2020,4467.0,0.0,2020.0
04-12-2025,Westbengal,0,0.0,0.0,0.0
05-09-2025,Andaman & Nicobar Islands,0,0.0,0.0,0.0
05-09-2025,Andaman and Nicobar Islands,7,61.0,0.0,7.0
05-09-2025,Andhra Pradesh,846,1572.0,54.0,792.0
05-09-2025,Arunachal Pradesh,122,268.0,22.0,100.0
05-09-2025,Assam,1140,2906.0,556.0,584.0
05-09-2025,Bihar,2977,2200.0,1403.0,1574.0
05-09-2025,Chandigarh,28,76.0,1.0,27.0
05-09-2025,Chhattisgarh,326,609.0,71.0,255.0
05-09-2025,Dadra & Nagar Haveli,0,0.0,1.0,-1.0
05-09-2025,Dadra and Nagar Haveli,26,29.0,0.0,26.0
05-09-2025,Dadra and Nagar Haveli and Daman and Diu,0,1.0,0.0,0.0
05-09-2025,Daman and Diu,0,2.0,0.0,0.0
05-09-2025,Delhi,288,615.0,53.0,235.0
05-09-2025,Goa,18,90.0,1.0,17.0
05-09-2025,Gujarat,317,291.0,39.0,278.0
05-09-2025,Haryana,669,2996.0,56.0,613.0
05-09-2025,Himachal Pradesh,139,451.0,4.0,135.0
05-09-2025,Jammu & Kashmir,1,0.0,0.0,1.0
05-09-2025,Jammu and Kashmir,151,670.0,49.0,102.0
05-09-2025,Jharkhand,515,449.0,236.0,279.0
05-09-2025,Karnataka,649,1363.0,114.0,535.0
05-09-2025,Kerala,4,3.0,1.0,3.0
05-09-2025,Ladakh,1,0.0,1.0,0.0
05-09-2025,Madhya Pradesh,789,929.0,205.0,584.0
05-09-2025,Maharashtra,859,2925.0,197.0,662.0
05-09-2025,Manipur,273,335.0,69.0,204.0
05-09-2025,Meghalaya,169,218.0,241.0,-72.0
05-09-2025,Mizoram,15,81.0,6.0,9.0
05-09-2025,Nagaland,35,71.0,54.0,-19.0
05-09-2025,Odisha,903,3456.0,254.0,649.0
05-09-2025,Orissa,5,33.0,9.0,-4.0
05-09-2025,Pondicherry,0,33.0,0.0,0.0
05-09-2025,Puducherry,36,200.0,0.0,36.0
05-09-2025,Punjab,597,3295.0,102.0,495.0
05-09-2025,Rajasthan,1360,9895.0,489.0,871.0
05-09-2025,Sikkim,27,44.0,13.0,14.0
05-09-2025,Tamil Nadu,709,360.0,36.0,673.0
05-09-2025,Telangana,589,912.0,79.0,510.0
05-09-2025,Tripura,27,27.0,3.0,24.0
05-09-2025,Uttar Pradesh,8329,3760.0,1440.0,6889.0
05-09-2025,Uttarakhand,243,439.0,20.0,223.0
05-09-2025,WEST BENGAL,0,1.0,0.0,0.0
05-09-2025,West  Bengal,0,0.0,0.0,0.0
05-09-2025,West Bengal,2762,2812.0,659.0,2103.0
05-09-2025,andhra pradesh,0,0.0,0.0,0.0
05-11-2025,Andaman & Nicobar Islands,0,2.0,0.0,0.0
05-11-2025,Andaman and Nicobar Islands,5,28.0,0.0,5.0
05-11-2025,Andhra Pradesh,4389,8076.0,186.0,4203.0
05-11-2025,Arunachal Pradesh,52,251.0,21.0,31.0
05-11-2025,Assam,606,2874.0,552.0,54.0
05-11-2025,Bihar,3082,6469.0,3948.0,-866.0
05-11-2025,Chandigarh,32,45.0,1.0,31.0
05-11-2025,Chhattisgarh,894,5678.0,332.0,562.0
05-11-2025,Dadra & Nagar Haveli,1,2.0,0.0,1.0
05-11-2025,Dadra and Nagar Haveli,28,30.0,0.0,28.0
05-11-2025,Dadra and Nagar Haveli and Daman and Diu,2,1.0,0.0,2.0
05-11-2025,Daman & Diu,0,6.0,0.0,0.0
05-11-2025,Daman and Diu,6,9.0,0.0,6.0
05-11-2025,Delhi,434,1137.0,154.0,280.0
05-11-2025,Goa,42,154.0,8.0,34.0
05-11-2025,Gujarat,1148,2354.0,263.0,885.0
05-11-2025,Haryana,536,1767.0,76.0,460.0
05-11-2025,Himachal Pradesh,106,764.0,3.0,103.0
05-11-2025,Jammu & Kashmir,0,0.0,0.0,0.0
05-11-2025,Jammu and Kashmir,253,1201.0,75.0,178.0
05-11-2025,Jharkhand,424,1748.0,727.0,-303.0
05-11-2025,Karnataka,1129,4617.0,198.0,931.0
05-11-2025,Kerala,799,1509.0,265.0,534.0
05-11-2025,Ladakh,6,8.0,1.0,5.0
05-11-2025,Lakshadweep,3,5.0,0.0,3.0
05-11-2025,Madhya Pradesh,1555,5052.0,666.0,889.0
05-11-2025,Maharashtra,2322,12618.0,414.0,1908.0
05-11-2025,Manipur,749,1279.0,97.0,652.0
05-11-2025,Meghalaya,53,343.0,147.0,-94.0
05-11-2025,Mizoram,12,51.0,7.0,5.0
05-11-2025,Nagaland,37,99.0,45.0,-8.0
05-11-2025,ODISHA,0,0.0,0.0,0.0
05-11-2025,Odisha,656,1188.0,157.0,499.0
05-11-2025,Orissa,21,17.0,1.0,20.0
05-11-2025,Pondicherry,8,20.0,0.0,8.0
05-11-2025,Puducherry,33,119.0,0.0,33.0
05-11-2025,Punjab,291,1070.0,97.0,194.0
05-11-2025,Rajasthan,1316,5133.0,1229.0,87.0
05-11-2025,Sikkim,15,86.0,10.0,5.0
05-11-2025,Tamil Nadu,3811,16871.0,591.0,3220.0
05-11-2025,Telangana,2533,1944.0,177.0,2356.0
05-11-2025,Tripura,90,448.0,61.0,29.0
05-11-2025,Uttar Pradesh,4103,16463.0,3638.0,465.0
05-11-2025,Uttarakhand,216,1247.0,53.0,163.0
05-11-2025,WESTBENGAL,0,0.0,0.0,0.0
05-11-2025,West Bangal,0,0.0,0.0,0.0
05-11-2025,West Bengal,1032,1580.0,647.0,385.0
05-11-2025,andhra pradesh,0,2.0,0.0,0.0
05-12-2025,Andaman & Nicobar Islands,1,7.0,0.0,1.0
05-12-2025,Andaman and Nicobar Islands,6,89.0,0.0,6.0
05-12-2025,Andhra Pradesh,1716,3465.0,0.0,1716.0
05-12-2025,Arunachal Pradesh,20,76.0,0.0,20.0
05-12-2025,Assam,670,2123.0,0.0,670.0
05-12-2025,Bihar,2666,4153.0,0.0,2666.0
05-12-2025,Chandigarh,11,17.0,0.0,11.0
05-12-2025,Chhattisgarh,1034,4149.0,0.0,1034.0
05-12-2025,Dadra and Nagar Haveli,2,5.0,0.0,2.0
05-12-2025,Dadra and Nagar Haveli and Daman and Diu,0,0.0,0.0,0.0
05-12-2025,Daman and Diu,0,9.0,0.0,0.0
05-12-2025,Delhi,392,658.0,0.0,392.0
05-12-2025,Goa,34,103.0,0.0,34.0
05-12-2025,Gujarat,1300,6122.0,0.0,1300.0
05-12-2025,Haryana,761,2472.0,0.0,761.0
05-12-2025,Himachal Pradesh,155,852.0,0.0,155.0
05-12-2025,Jammu & Kashmir,1,0.0,0.0,1.0
05-12-2025,Jammu and Kashmir,443,1980.0,0.0,443.0
05-12-2025,Jharkhand,866,1698.0,0.0,866.0
05-12-2025,Karnataka,1423,6190.0,0.0,1423.0
05-12-2025,Kerala,387,1620.0,0.0,387.0
05-12-2025,Ladakh,10,6.0,0.0,10.0
05-12-2025,Lakshadweep,3,1.0,0.0,3.0
05-12-2025,Madhya Pradesh,1180,7474.0,0.0,1180.0
05-12-2025,Maharashtra,1127,10344.0,0.0,1127.0
05-12-2025,Manipur,137,242.0,0.0,137.0
05-12-2025,Meghalaya,41,113.0,0.0,41.0
05-12-2025,Mizoram,18,144.0,0.0,18.0
05-12-2025,Nagaland,17,207.0,0.0,17.0
05-12-2025,ODISHA,0,0.0,0.0,0.0
05-12-2025,Odisha,860,5493.0,0.0,860.0
05-12-2025,Orissa,16,55.0,0.0,16.0
05-12-2025,Pondicherry,2,20.0,0.0,2.0
05-12-2025,Puducherry,38,46.0,0.0,38.0
05-12-2025,Punjab,172,3289.0,0.0,172.0
05-12-2025,Rajasthan,1378,6066.0,0.0,1378.0
05-12-2025,Sikkim,16,28.0,0.0,16.0
05-12-2025,Tamil Nadu,3355,13789.0,0.0,3355.0
05-12-2025,Telangana,2294,4237.0,0.0,2294.0
05-12-2025,Tripura,167,657.0,0.0,167.0
05-12-2025,Uttar Pradesh,4336,15945.0,0.0,4336.0
05-12-2025,Uttarakhand,274,3563.0,0.0,274.0
05-12-2025,West  Bengal,0,0.0,0.0,0.0
05-12-2025,West Bangal,0,0.0,0.0,0.0
05-12-2025,West Bengal,1792,3846.0,0.0,1792.0
06-09-2025,Andaman & Nicobar Islands,0,1.0,0.0,0.0
06-09-2025,Andaman and Nicobar Islands,0,2.0,0.0,0.0
06-09-2025,Andhra Pradesh,2310,5644.0,206.0,2104.0
06-09-2025,Arunachal Pradesh,82,108.0,28.0,54.0
06-09-2025,Assam,1535,4044.0,747.0,788.0
06-09-2025,Bihar,5182,6888.0,3350.0,1832.0
06-09-2025,Chandigarh,35,87.0,6.0,29.0
06-09-2025,Chhattisgarh,818,1425.0,138.0,680.0
06-09-2025,Dadra and Nagar Haveli,45,53.0,0.0,45.0
06-09-2025,Dadra and Nagar Haveli and Daman and Diu,2,1.0,0.0,2.0
06-09-2025,Daman & Diu,2,0.0,0.0,2.0
06-09-2025,Daman and Diu,4,17.0,0.0,4.0
06-09-2025,Delhi,799,2932.0,201.0,598.0
06-09-2025,Goa,10,59.0,1.0,9.0
06-09-2025,Gujarat,1116,2851.0,249.0,867.0
06-09-2025,Haryana,360,829.0,36.0,324.0
06-09-2025,Himachal Pradesh,151,118.0,3.0,148.0
06-09-2025,Jammu & Kashmir,0,2.0,0.0,0.0
06-09-2025,Jammu and Kashmir,180,293.0,40.0,140.0
06-09-2025,Jharkhand,581,678.0,320.0,261.0
06-09-2025,Karnataka,1221,1922.0,215.0,1006.0
06-09-2025,Kerala,84,173.0,21.0,63.0
06-09-2025,Ladakh,0,3.0,0.0,0.0
06-09-2025,Lakshadweep,0,2.0,0.0,0.0
06-09-2025,Madhya Pradesh,1289,4672.0,612.0,677.0
06-09-2025,Maharashtra,676,4777.0,273.0,403.0
06-09-2025,Manipur,183,259.0,69.0,114.0
06-09-2025,Meghalaya,25,35.0,15.0,10.0
06-09-2025,Mizoram,10,41.0,1.0,9.0
06-09-2025,Nagaland,24,64.0,18.0,6.0
06-09-2025,Odisha,1133,4379.0,390.0,743.0
06-09-2025,Orissa,31,68.0,6.0,25.0
06-09-2025,Pondicherry,3,37.0,0.0,3.0
06-09-2025,Puducherry,48,270.0,0.0,48.0
06-09-2025,Punjab,369,2179.0,70.0,299.0
06-09-2025,Rajasthan,1098,13242.0,581.0,517.0
06-09-2025,Sikkim,3,7.0,1.0,2.0
06-09-2025,Tamil Nadu,3915,5244.0,275.0,3640.0
06-09-2025,Telangana,1327,2867.0,228.0,1099.0
06-09-2025,Tripura,132,233.0,34.0,98.0
06-09-2025,Uttar Pradesh,13341,20385.0,4484.0,8857.0
06-09-2025,Uttarakhand,350,1924.0,62.0,288.0
06-09-2025,West  Bengal,0,0.0,0.0,0.0
06-09-2025,West Bangal,0,0.0,0.0,0.0
06-09-2025,West Bengal,2993,5257.0,805.0,2188.0
06-09-2025,andhra pradesh,0,0.0,0.0,0.0
06-11-2025,Andaman & Nicobar Islands,0,2.0,0.0,0.0
06-11-2025,Andaman and Nicobar Islands,8,78.0,0.0,8.0
06-11-2025,Andhra Pradesh,2570,6482.0,107.0,2463.0
06-11-2025,Arunachal Pradesh,54,225.0,39.0,15.0
06-11-2025,Assam,676,2647.0,282.0,394.0
06-11-2025,Bihar,3356,14960.0,2686.0,670.0
06-11-2025,Chandigarh,52,158.0,2.0,50.0
06-11-2025,Chhattisgarh,1149,12754.0,121.0,1028.0
06-11-2025,Dadra & Nagar Haveli,0,1.0,0.0,0.0
06-11-2025,Dadra and Nagar Haveli,52,40.0,1.0,51.0
06-11-2025,Dadra and Nagar Haveli and Daman and Diu,9,3.0,0.0,9.0
06-11-2025,Daman & Diu,0,0.0,0.0,0.0
06-11-2025,Daman and Diu,7,17.0,0.0,7.0
06-11-2025,Delhi,669,2350.0,119.0,550.0
06-11-2025,Goa,48,249.0,4.0,44.0
06-11-2025,Gujarat,2438,3956.0,168.0,2270.0
06-11-2025,Haryana,1454,5354.0,52.0,1402.0
06-11-2025,Himachal Pradesh,335,2831.0,7.0,328.0
06-11-2025,Jammu & Kashmir,2,0.0,0.0,2.0
06-11-2025,Jammu and Kashmir,785,2264.0,57.0,728.0
06-11-2025,Jharkhand,1846,6064.0,429.0,1417.0
06-11-2025,Karnataka,3348,5774.0,230.0,3118.0
06-11-2025,Kerala,1112,1819.0,172.0,940.0
06-11-2025,Ladakh,7,12.0,2.0,5.0
06-11-2025,Lakshadweep,3,6.0,0.0,3.0
06-11-2025,Madhya Pradesh,3790,12876.0,560.0,3230.0
06-11-2025,Maharashtra,4766,11030.0,400.0,4366.0
06-11-2025,Manipur,1261,790.0,52.0,1209.0
06-11-2025,Meghalaya,125,153.0,111.0,14.0
06-11-2025,Mizoram,53,45.0,11.0,42.0
06-11-2025,Nagaland,73,103.0,30.0,43.0
06-11-2025,ODISHA,0,0.0,0.0,0.0
06-11-2025,Odisha,1962,2949.0,114.0,1848.0
06-11-2025,Orissa,31,47.0,2.0,29.0
06-11-2025,Pondicherry,8,15.0,0.0,8.0
06-11-2025,Puducherry,79,49.0,1.0,78.0
06-11-2025,Punjab,533,1791.0,52.0,481.0
06-11-2025,Rajasthan,2835,8135.0,671.0,2164.0
06-11-2025,Sikkim,18,101.0,4.0,14.0
06-11-2025,Tamil Nadu,5821,10459.0,473.0,5348.0
06-11-2025,Telangana,3686,4125.0,153.0,3533.0
06-11-2025,Tripura,177,567.0,29.0,148.0
06-11-2025,Uttar Pradesh,9287,44302.0,2403.0,6884.0
06-11-2025,Uttarakhand,494,2513.0,24.0,470.0
06-11-2025,West  Bengal,0,0.0,0.0,0.0
06-11-2025,West Bangal,0,0.0,0.0,0.0
06-11-2025,West Bengal,4540,3739.0,693.0,3847.0
06-11-2025,West Bengli,0,0.0,0.0,0.0
06-11-2025,Westbengal,0,0.0,0.0,0.0
06-11-2025,andhra pradesh,1,0.0,0.0,1.0
06-12-2025,Andaman & Nicobar Islands,0,1.0,0.0,0.0
06-12-2025,Andaman and Nicobar Islands,2,25.0,0.0,2.0
06-12-2025,Andhra Pradesh,1584,2846.0,0.0,1584.0
06-12-2025,Arunachal Pradesh,12,146.0,0.0,12.0
06-12-2025,Assam,310,1720.0,0.0,310.0
06-12-2025,Bihar,2157,4201.0,0.0,2157.0
06-12-2025,Chandigarh,27,43.0,0.0,27.0
06-12-2025,Chhattisgarh,1138,5574.0,0.0,1138.0
06-12-2025,Dadra and Nagar Haveli,13,15.0,0.0,13.0
06-12-2025,Dadra and Nagar Haveli and Daman and Diu,6,0.0,0.0,6.0
06-12-2025,Daman & Diu,0,0.0,0.0,0.0
06-12-2025,Daman and Diu,4,6.0,0.0,4.0
06-12-2025,Delhi,465,2060.0,0.0,465.0
06-12-2025,Goa,18,141.0,0.0,18.0
06-12-2025,Gujarat,1693,4396.0,0.0,1693.0
06-12-2025,Haryana,724,2302.0,0.0,724.0
06-12-2025,Himachal Pradesh,263,992.0,0.0,263.0
06-12-2025,Jammu & Kashmir,0,0.0,0.0,0.0
06-12-2025,Jammu and Kashmir,435,2690.0,0.0,435.0
06-12-2025,Jharkhand,1081,2196.0,0.0,1081.0
06-12-2025,Karnataka,1427,5624.0,0.0,1427.0
06-12-2025,Kerala,622,4802.0,0.0,622.0
06-12-2025,Ladakh,10,14.0,0.0,10.0
06-12-2025,Lakshadweep,1,15.0,0.0,1.0
06-12-2025,Madhya Pradesh,1522,11589.0,0.0,1522.0
06-12-2025,Maharashtra,1811,21281.0,0.0,1811.0
06-12-2025,Manipur,242,460.0,0.0,242.0
06-12-2025,Meghalaya,27,102.0,0.0,27.0
06-12-2025,Mizoram,38,225.0,0.0,38.0
06-12-2025,Nagaland,21,280.0,0.0,21.0
06-12-2025,Odisha,1288,6586.0,0.0,1288.0
06-12-2025,Orissa,31,67.0,0.0,31.0
06-12-2025,Pondicherry,9,31.0,0.0,9.0
06-12-2025,Puducherry,53,157.0,0.0,53.0
06-12-2025,Punjab,151,3227.0,0.0,151.0
06-12-2025,Rajasthan,946,3256.0,0.0,946.0
06-12-2025,Sikkim,0,8.0,0.0,0.0
06-12-2025,Tamil Nadu,873,4353.0,0.0,873.0
06-12-2025,Telangana,821,2991.0,0.0,821.0
06-12-2025,Tripura,50,171.0,0.0,50.0
06-12-2025,Uttar Pradesh,4202,8190.0,0.0,4202.0
06-12-2025,Uttarakhand,368,1869.0,0.0,368.0
06-12-2025,West  Bengal,0,0.0,0.0,0.0
06-12-2025,West Bengal,1943,1955.0,0.0,1943.0
06-12-2025,West bengal,0,0.0,0.0,0.0
06-12-2025,Westbengal,0,0.0,0.0,0.0
07-09-2025,Andaman and Nicobar Islands,0,0.0,0.0,0.0
07-09-2025,Andhra Pradesh,141,102.0,5.0,136.0
07-09-2025,Arunachal Pradesh,47,62.0,32.0,15.0
07-09-2025,Assam,226,345.0,105.0,121.0
07-09-2025,Bihar,924,403.0,457.0,467.0
07-09-2025,Chandigarh,8,21.0,0.0,8.0
07-09-2025,Chhattisgarh,85,169.0,12.0,73.0
07-09-2025,Dadra and Nagar Haveli,0,7.0,0.0,0.0
07-09-2025,Dadra and Nagar Haveli and Daman and Diu,2,1.0,0.0,2.0
07-09-2025,Daman and Diu,1,3.0,0.0,1.0
07-09-2025,Delhi,147,515.0,45.0,102.0
07-09-2025,Goa,0,0.0,0.0,0.0
07-09-2025,Gujarat,92,166.0,16.0,76.0
07-09-2025,Haryana,129,150.0,11.0,118.0
07-09-2025,Himachal Pradesh,6,7.0,0.0,6.0
07-09-2025,Jammu and Kashmir,24,49.0,3.0,21.0
07-09-2025,Jharkhand,229,332.0,175.0,54.0
07-09-2025,Karnataka,329,938.0,66.0,263.0
07-09-2025,Kerala,6,7.0,3.0,3.0
07-09-2025,Ladakh,2,1.0,0.0,2.0
07-09-2025,Madhya Pradesh,175,224.0,49.0,126.0
07-09-2025,Maharashtra,296,921.0,93.0,203.0
07-09-2025,Manipur,68,116.0,19.0,49.0
07-09-2025,Meghalaya,1,0.0,1.0,0.0
07-09-2025,Mizoram,0,6.0,1.0,-1.0
07-09-2025,Nagaland,5,3.0,17.0,-12.0
07-09-2025,Odisha,105,165.0,6.0,99.0
07-09-2025,Orissa,5,4.0,0.0,5.0
07-09-2025,Pondicherry,0,1.0,0.0,0.0
07-09-2025,Puducherry,0,1.0,0.0,0.0
07-09-2025,Punjab,38,56.0,4.0,34.0
07-09-2025,Rajasthan,426,2680.0,196.0,230.0
07-09-2025,Tamil Nadu,354,365.0,25.0,329.0
07-09-2025,Telangana,217,202.0,13.0,204.0
07-09-2025,Tripura,8,19.0,3.0,5.0
07-09-2025,Uttar Pradesh,4403,3391.0,1296.0,3107.0
07-09-2025,Uttarakhand,89,238.0,10.0,79.0
07-09-2025,WEST BENGAL,0,0.0,0.0,0.0
07-09-2025,West  Bengal,0,0.0,0.0,0.0
07-09-2025,West Bangal,0,0.0,0.0,0.0
07-09-2025,West Bengal,886,1058.0,310.0,576.0
07-09-2025,Westbengal,0,0.0,0.0,0.0
07-11-2025,Andaman & Nicobar Islands,0,1.0,0.0,0.0
07-11-2025,Andaman and Nicobar Islands,10,36.0,0.0,10.0
07-11-2025,Andhra Pradesh,3907,12908.0,139.0,3768.0
07-11-2025,Arunachal Pradesh,51,820.0,19.0,32.0
07-11-2025,Assam,579,5564.0,193.0,386.0
07-11-2025,Bihar,3497,5338.0,1694.0,1803.0
07-11-2025,Chandigarh,33,55.0,0.0,33.0
07-11-2025,Chhattisgarh,1236,4022.0,163.0,1073.0
07-11-2025,Dadra & Nagar Haveli,0,1.0,0.0,0.0
07-11-2025,Dadra and Nagar Haveli,38,68.0,1.0,37.0
07-11-2025,Dadra and Nagar Haveli and Daman and Diu,5,3.0,0.0,5.0
07-11-2025,Daman & Diu,0,4.0,0.0,0.0
07-11-2025,Daman and Diu,2,55.0,0.0,2.0
07-11-2025,Delhi,545,1272.0,93.0,452.0
07-11-2025,Goa,40,206.0,3.0,37.0
07-11-2025,Gujarat,2035,8910.0,189.0,1846.0
07-11-2025,Haryana,722,2247.0,58.0,664.0
07-11-2025,Himachal Pradesh,212,1355.0,7.0,205.0
07-11-2025,Jammu & Kashmir,0,0.0,0.0,0.0
07-11-2025,Jammu and Kashmir,264,3367.0,70.0,194.0
07-11-2025,Jharkhand,844,2663.0,693.0,151.0
07-11-2025,Karnataka,2162,3735.0,195.0,1967.0
07-11-2025,Kerala,794,2031.0,142.0,652.0
07-11-2025,Ladakh,10,5.0,1.0,9.0
07-11-2025,Lakshadweep,4,4.0,0.0,4.0
07-11-2025,Madhya Pradesh,3313,5628.0,655.0,2658.0
07-11-2025,Maharashtra,3205,16640.0,466.0,2739.0
07-11-2025,Manipur,808,1947.0,27.0,781.0
07-11-2025,Meghalaya,34,206.0,59.0,-25.0
07-11-2025,Mizoram,29,116.0,8.0,21.0
07-11-2025,Nagaland,39,334.0,24.0,15.0
07-11-2025,Odisha,1232,10814.0,126.0,1106.0
07-11-2025,Orissa,24,148.0,2.0,22.0
07-11-2025,Pondicherry,14,45.0,2.0,12.0
07-11-2025,Puducherry,56,125.0,1.0,55.0
07-11-2025,Punjab,397,5688.0,44.0,353.0
07-11-2025,Rajasthan,2121,6663.0,633.0,1488.0
07-11-2025,Sikkim,20,137.0,5.0,15.0
07-11-2025,Tamil Nadu,3480,13895.0,508.0,2972.0
07-11-2025,Telangana,1738,4693.0,156.0,1582.0
07-11-2025,Tripura,89,381.0,15.0,74.0
07-11-2025,Uttar Pradesh,4672,10656.0,1770.0,2902.0
07-11-2025,Uttarakhand,301,718.0,24.0,277.0
07-11-2025,WESTBENGAL,0,0.0,0.0,0.0
07-11-2025,West Bangal,0,0.0,0.0,0.0
07-11-2025,West Bengal,2392,3257.0,443.0,1949.0
07-11-2025,Westbengal,0,0.0,0.0,0.0
07-11-2025,andhra pradesh,0,0.0,0.0,0.0
07-12-2025,Andaman & Nicobar Islands,0,1.0,0.0,0.0
07-12-2025,Andaman and Nicobar Islands,11,29.0,0.0,11.0
07-12-2025,Andhra Pradesh,4867,2278.0,0.0,4867.0
07-12-2025,Arunachal Pradesh,22,68.0,0.0,22.0
07-12-2025,Assam,404,2012.0,0.0,404.0
07-12-2025,Bihar,2114,8474.0,0.0,2114.0
07-12-2025,Chandigarh,17,90.0,0.0,17.0
07-12-2025,Chhattisgarh,725,8337.0,0.0,725.0
07-12-2025,Dadra & Nagar Haveli,0,0.0,0.0,0.0
07-12-2025,Dadra and Nagar Haveli,10,12.0,0.0,10.0
07-12-2025,Dadra and Nagar Haveli and Daman and Diu,4,0.0,0.0,4.0
07-12-2025,Daman & Diu,0,0.0,0.0,0.0
07-12-2025,Daman and Diu,0,4.0,0.0,0.0
07-12-2025,Delhi,359,1267.0,0.0,359.0
07-12-2025,Goa,22,62.0,0.0,22.0
07-12-2025,Gujarat,870,1150.0,0.0,870.0
07-12-2025,Haryana,485,2450.0,0.0,485.0
07-12-2025,Himachal Pradesh,138,790.0,0.0,138.0
07-12-2025,Jammu & Kashmir,0,0.0,0.0,0.0
07-12-2025,Jammu and Kashmir,248,1255.0,0.0,248.0
07-12-2025,Jharkhand,458,2424.0,0.0,458.0
07-12-2025,Karnataka,1299,2603.0,0.0,1299.0
07-12-2025,Kerala,366,1821.0,0.0,366.0
07-12-2025,Ladakh,15,5.0,0.0,15.0
07-12-2025,Lakshadweep,0,6.0,0.0,0.0
07-12-2025,Madhya Pradesh,1490,9902.0,0.0,1490.0
07-12-2025,Maharashtra,1318,6128.0,0.0,1318.0
07-12-2025,Manipur,128,97.0,0.0,128.0
07-12-2025,Meghalaya,18,17.0,0.0,18.0
07-12-2025,Mizoram,9,51.0,0.0,9.0
07-12-2025,Nagaland,10,26.0,0.0,10.0
07-12-2025,Odisha,830,575.0,0.0,830.0
07-12-2025,Orissa,21,4.0,0.0,21.0
07-12-2025,Pondicherry,7,4.0,0.0,7.0
07-12-2025,Puducherry,47,41.0,0.0,47.0
07-12-2025,Punjab,264,666.0,0.0,264.0
07-12-2025,Rajasthan,830,3628.0,0.0,830.0
07-12-2025,Sikkim,5,6.0,0.0,5.0
07-12-2025,Tamil Nadu,3569,4462.0,0.0,3569.0
07-12-2025,Telangana,2304,1263.0,0.0,2304.0
07-12-2025,Tripura,67,213.0,0.0,67.0
07-12-2025,Uttar Pradesh,4609,23872.0,0.0,4609.0
07-12-2025,Uttarakhand,304,6306.0,0.0,304.0
07-12-2025,West Bangal,0,0.0,0.0,0.0
07-12-2025,West Bengal,1131,2735.0,0.0,1131.0
07-12-2025,Westbengal,0,0.0,0.0,0.0
08-09-2025,Andaman & Nicobar Islands,0,1.0,0.0,0.0
08-09-2025,Andaman and Nicobar Islands,2,51.0,0.0,2.0
08-09-2025,Andhra Pradesh,891,2285.0,130.0,761.0
08-09-2025,Arunachal Pradesh,128,184.0,40.0,88.0
08-09-2025,Assam,1270,3386.0,845.0,425.0
08-09-2025,Bihar,4784,8230.0,4153.0,631.0
08-09-2025,Chandigarh,49,55.0,4.0,45.0
08-09-2025,Chhattisgarh,1327,2932.0,303.0,1024.0
08-09-2025,Dadra & Nagar Haveli,2,3.0,0.0,2.0
08-09-2025,Dadra and Nagar Haveli,23,146.0,2.0,21.0
08-09-2025,Dadra and Nagar Haveli and Daman and Diu,1,1.0,0.0,1.0
08-09-2025,Daman & Diu,3,2.0,0.0,3.0
08-09-2025,Daman and Diu,0,9.0,0.0,0.0
08-09-2025,Delhi,707,2411.0,188.0,519.0
08-09-2025,Goa,27,96.0,5.0,22.0
08-09-2025,Gujarat,1643,4767.0,526.0,1117.0
08-09-2025,Haryana,956,3515.0,67.0,889.0
08-09-2025,Himachal Pradesh,142,259.0,6.0,136.0
08-09-2025,Jammu & Kashmir,0,0.0,0.0,0.0
08-09-2025,Jammu and Kashmir,413,1073.0,104.0,309.0
08-09-2025,Jharkhand,1905,4604.0,1128.0,777.0
08-09-2025,Karnataka,2627,6218.0,534.0,2093.0
08-09-2025,Kerala,1095,2978.0,361.0,734.0
08-09-2025,Ladakh,7,0.0,2.0,5.0
08-09-2025,Lakshadweep,6,15.0,0.0,6.0
08-09-2025,Madhya Pradesh,4335,17858.0,2020.0,2315.0
08-09-2025,Maharashtra,2513,25145.0,1074.0,1439.0
08-09-2025,Manipur,267,410.0,61.0,206.0
08-09-2025,Meghalaya,97,186.0,185.0,-88.0
08-09-2025,Mizoram,48,154.0,12.0,36.0
08-09-2025,Nagaland,45,84.0,54.0,-9.0
08-09-2025,Odisha,1469,6248.0,494.0,975.0
08-09-2025,Orissa,38,72.0,10.0,28.0
08-09-2025,Pondicherry,14,38.0,2.0,12.0
08-09-2025,Puducherry,67,373.0,1.0,66.0
08-09-2025,Punjab,522,3454.0,138.0,384.0
08-09-2025,Rajasthan,2288,40103.0,1307.0,981.0
08-09-2025,Sikkim,24,35.0,18.0,6.0
08-09-2025,Tamil Nadu,3503,6465.0,493.0,3010.0
08-09-2025,Telangana,2067,4802.0,484.0,1583.0
08-09-2025,Tripura,152,310.0,74.0,78.0
08-09-2025,Uttar Pradesh,18593,28267.0,6939.0,11654.0
08-09-2025,Uttarakhand,402,1579.0,63.0,339.0
08-09-2025,WEST BENGAL,0,0.0,0.0,0.0
08-09-2025,WESTBENGAL,0,0.0,0.0,0.0
08-09-2025,West Bengal,2806,4265.0,921.0,1885.0
08-09-2025,Westbengal,0,0.0,0.0,0.0
08-09-2025,andhra pradesh,0,0.0,0.0,0.0
08-11-2025,Andaman & Nicobar Islands,0,1.0,0.0,0.0
08-11-2025,Andaman and Nicobar Islands,3,22.0,0.0,3.0
08-11-2025,Andhra Pradesh,3462,7409.0,81.0,3381.0
08-11-2025,Arunachal Pradesh,47,364.0,38.0,9.0
08-11-2025,Assam,884,5605.0,491.0,393.0
08-11-2025,Bihar,4448,4232.0,3743.0,705.0
08-11-2025,Chandigarh,30,54.0,1.0,29.0
08-11-2025,Chhattisgarh,1364,5495.0,321.0,1043.0
08-11-2025,Dadra & Nagar Haveli,0,1.0,0.0,0.0
08-11-2025,Dadra and Nagar Haveli,8,21.0,0.0,8.0
08-11-2025,Dadra and Nagar Haveli and Daman and Diu,4,1.0,0.0,4.0
08-11-2025,Daman & Diu,0,1.0,0.0,0.0
08-11-2025,Daman and Diu,4,4.0,2.0,2.0
08-11-2025,Delhi,583,1358.0,179.0,404.0
08-11-2025,Goa,41,224.0,6.0,35.0
08-11-2025,Gujarat,1500,4265.0,445.0,1055.0
08-11-2025,Haryana,745,2305.0,70.0,675.0
08-11-2025,Himachal Pradesh,178,690.0,7.0,171.0
08-11-2025,Jammu & Kashmir,0,0.0,0.0,0.0
08-11-2025,Jammu and Kashmir,348,1654.0,74.0,274.0
08-11-2025,Jharkhand,879,1350.0,463.0,416.0
08-11-2025,Karnataka,1646,6668.0,184.0,1462.0
08-11-2025,Kerala,954,3025.0,142.0,812.0
08-11-2025,Ladakh,7,10.0,1.0,6.0
08-11-2025,Lakshadweep,4,2.0,0.0,4.0
08-11-2025,Madhya Pradesh,1576,5274.0,771.0,805.0
08-11-2025,Maharashtra,2405,25363.0,442.0,1963.0
08-11-2025,Manipur,1814,2446.0,61.0,1753.0
08-11-2025,Meghalaya,37,38.0,57.0,-20.0
08-11-2025,Mizoram,25,44.0,13.0,12.0
08-11-2025,Nagaland,21,292.0,35.0,-14.0
08-11-2025,Odisha,1048,7099.0,115.0,933.0
08-11-2025,Orissa,14,52.0,2.0,12.0
08-11-2025,Pondicherry,13,31.0,1.0,12.0
08-11-2025,Puducherry,40,160.0,2.0,38.0
08-11-2025,Punjab,238,2498.0,84.0,154.0
08-11-2025,Rajasthan,1848,4724.0,750.0,1098.0
08-11-2025,Sikkim,8,22.0,5.0,3.0
08-11-2025,Tamil Nadu,5763,20003.0,385.0,5378.0
08-11-2025,Telangana,3823,7995.0,200.0,3623.0
08-11-2025,Tripura,84,365.0,31.0,53.0
08-11-2025,Uttar Pradesh,5448,17023.0,3937.0,1511.0
08-11-2025,Uttarakhand,408,1472.0,63.0,345.0
08-11-2025,WESTBENGAL,0,0.0,0.0,0.0
08-11-2025,West  Bengal,0,0.0,1.0,-1.0
08-11-2025,West Bangal,0,0.0,0.0,0.0
08-11-2025,West Bengal,3095,4623.0,1008.0,2087.0
08-11-2025,Westbengal,0,0.0,0.0,0.0
08-11-2025,andhra pradesh,0,0.0,0.0,0.0
08-12-2025,Andaman & Nicobar Islands,0,0.0,0.0,0.0
08-12-2025,Andaman and Nicobar Islands,6,36.0,0.0,6.0
08-12-2025,Andhra Pradesh,2215,4927.0,0.0,2215.0
08-12-2025,Arunachal Pradesh,48,360.0,0.0,48.0
08-12-2025,Assam,1207,3786.0,0.0,1207.0
08-12-2025,Bihar,6487,9195.0,0.0,6487.0
08-12-2025,Chandigarh,64,77.0,0.0,64.0
08-12-2025,Chhattisgarh,2863,12930.0,0.0,2863.0
08-12-2025,Dadra & Nagar Haveli,0,0.0,0.0,0.0
08-12-2025,Dadra and Nagar Haveli,14,42.0,0.0,14.0
08-12-2025,Dadra and Nagar Haveli and Daman and Diu,0,0.0,0.0,0.0
08-12-2025,Daman & Diu,1,2.0,0.0,1.0
08-12-2025,Daman and Diu,2,20.0,0.0,2.0
08-12-2025,Delhi,937,2502.0,0.0,937.0
08-12-2025,Goa,54,209.0,0.0,54.0
08-12-2025,Gujarat,1944,10773.0,0.0,1944.0
08-12-2025,Haryana,1032,3212.0,0.0,1032.0
08-12-2025,Himachal Pradesh,284,885.0,0.0,284.0
08-12-2025,Jammu & Kashmir,0,1.0,0.0,0.0
08-12-2025,Jammu and Kashmir,844,3430.0,0.0,844.0
08-12-2025,Jharkhand,1724,2850.0,0.0,1724.0
08-12-2025,Karnataka,2628,6307.0,0.0,2628.0
08-12-2025,Kerala,1062,2569.0,0.0,1062.0
08-12-2025,Ladakh,18,12.0,0.0,18.0
08-12-2025,Lakshadweep,8,11.0,0.0,8.0
08-12-2025,Madhya Pradesh,2899,9288.0,0.0,2899.0
08-12-2025,Maharashtra,3663,15020.0,0.0,3663.0
08-12-2025,Manipur,416,309.0,0.0,416.0
08-12-2025,Meghalaya,102,184.0,0.0,102.0
08-12-2025,Mizoram,40,172.0,0.0,40.0
08-12-2025,Nagaland,68,451.0,0.0,68.0
08-12-2025,Odisha,2077,7444.0,0.0,2077.0
08-12-2025,Orissa,42,56.0,0.0,42.0
08-12-2025,Pondicherry,2,29.0,0.0,2.0
08-12-2025,Puducherry,37,113.0,0.0,37.0
08-12-2025,Punjab,432,4295.0,0.0,432.0
08-12-2025,Rajasthan,2948,7792.0,0.0,2948.0
08-12-2025,Sikkim,22,35.0,0.0,22.0
08-12-2025,Tamil Nadu,3062,13838.0,0.0,3062.0
08-12-2025,Telangana,1743,4168.0,0.0,1743.0
08-12-2025,Tripura,279,548.0,0.0,279.0
08-12-2025,Uttar Pradesh,9366,19371.0,0.0,9366.0
08-12-2025,Uttarakhand,550,4766.0,0.0,550.0
08-12-2025,WESTBENGAL,0,0.0,0.0,0.0
08-12-2025,West Bangal,0,0.0,0.0,0.0
08-12-2025,West Bengal,2825,4164.0,0.0,2825.0
08-12-2025,West bengal,0,0.0,0.0,0.0
08-12-2025,Westbengal,0,0.0,0.0,0.0
08-12-2025,odisha,0,0.0,0.0,0.0
09-09-2025,Andaman & Nicobar Islands,0,5.0,1.0,-1.0
09-09-2025,Andaman and Nicobar Islands,11,107.0,2.0,9.0
09-09-2025,Andhra Pradesh,1671,3779.0,229.0,1442.0
09-09-2025,Arunachal Pradesh,157,243.0,36.0,121.0
09-09-2025,Assam,1142,3756.0,632.0,510.0
09-09-2025,Bihar,4645,8934.0,3871.0,774.0
09-09-2025,Chandigarh,59,119.0,5.0,54.0
09-09-2025,Chhattisgarh,1085,2633.0,192.0,893.0
09-09-2025,Dadra & Nagar Haveli,1,1.0,0.0,1.0
09-09-2025,Dadra and Nagar Haveli,20,133.0,1.0,19.0
09-09-2025,Dadra and Nagar Haveli and Daman and Diu,2,2.0,3.0,-1.0
09-09-2025,Daman & Diu,2,1.0,0.0,2.0
09-09-2025,Daman and Diu,2,22.0,0.0,2.0
09-09-2025,Delhi,789,2432.0,184.0,605.0
09-09-2025,Goa,24,116.0,8.0,16.0
09-09-2025,Gujarat,1805,5330.0,629.0,1176.0
09-09-2025,Haryana,876,3783.0,92.0,784.0
09-09-2025,Himachal Pradesh,175,364.0,9.0,166.0
09-09-2025,Jammu and Kashmir,328,1304.0,114.0,214.0
09-09-2025,Jharkhand,1582,5043.0,1094.0,488.0
09-09-2025,Karnataka,1911,5146.0,447.0,1464.0
09-09-2025,Kerala,947,2774.0,384.0,563.0
09-09-2025,Ladakh,5,6.0,1.0,4.0
09-09-2025,Lakshadweep,2,1.0,0.0,2.0
09-09-2025,Madhya Pradesh,3453,11695.0,1758.0,1695.0
09-09-2025,Maharashtra,2636,24255.0,1273.0,1363.0
09-09-2025,Manipur,247,922.0,55.0,192.0
09-09-2025,Meghalaya,100,191.0,222.0,-122.0
09-09-2025,Mizoram,43,130.0,27.0,16.0
09-09-2025,Nagaland,38,99.0,57.0,-19.0
09-09-2025,Odisha,1324,5523.0,482.0,842.0
09-09-2025,Orissa,16,62.0,11.0,5.0
09-09-2025,Pondicherry,12,41.0,1.0,11.0
09-09-2025,Puducherry,59,236.0,1.0,58.0
09-09-2025,Punjab,453,1961.0,91.0,362.0
09-09-2025,Rajasthan,2477,37269.0,1697.0,780.0
09-09-2025,Sikkim,44,55.0,17.0,27.0
09-09-2025,Tamil Nadu,3677,7069.0,456.0,3221.0
09-09-2025,Telangana,2215,5125.0,499.0,1716.0
09-09-2025,Tripura,176,316.0,72.0,104.0
09-09-2025,Uttar Pradesh,15649,22456.0,6361.0,9288.0
09-09-2025,Uttarakhand,436,1897.0,84.0,352.0
09-09-2025,WEST BENGAL,0,0.0,0.0,0.0
09-09-2025,West Bangal,0,0.0,0.0,0.0
09-09-2025,West Bengal,2800,5534.0,960.0,1840.0
09-11-2025,Andaman & Nicobar Islands,0,0.0,0.0,0.0
09-11-2025,Andaman and Nicobar Islands,6,15.0,0.0,6.0
09-11-2025,Andhra Pradesh,2788,1116.0,51.0,2737.0
09-11-2025,Arunachal Pradesh,27,108.0,8.0,19.0
09-11-2025,Assam,297,1447.0,212.0,85.0
09-11-2025,Bihar,2433,6652.0,1806.0,627.0
09-11-2025,Chandigarh,41,70.0,1.0,40.0
09-11-2025,Chhattisgarh,728,6646.0,159.0,569.0
09-11-2025,Dadra and Nagar Haveli,12,8.0,2.0,10.0
09-11-2025,Dadra and Nagar Haveli and Daman and Diu,0,0.0,0.0,0.0
09-11-2025,Daman and Diu,5,2.0,1.0,4.0
09-11-2025,Delhi,368,1091.0,81.0,287.0
09-11-2025,Goa,23,86.0,0.0,23.0
09-11-2025,Gujarat,791,676.0,237.0,554.0
09-11-2025,Haryana,406,1451.0,31.0,375.0
09-11-2025,Himachal Pradesh,78,502.0,2.0,76.0
09-11-2025,Jammu and Kashmir,131,752.0,68.0,63.0
09-11-2025,Jharkhand,364,2199.0,467.0,-103.0
09-11-2025,Karnataka,555,938.0,73.0,482.0
09-11-2025,Kerala,239,676.0,126.0,113.0
09-11-2025,Ladakh,6,2.0,2.0,4.0
09-11-2025,Lakshadweep,4,0.0,0.0,4.0
09-11-2025,Madhya Pradesh,1074,5540.0,466.0,608.0
09-11-2025,Maharashtra,734,4853.0,233.0,501.0
09-11-2025,Manipur,715,682.0,28.0,687.0
09-11-2025,Meghalaya,9,18.0,8.0,1.0
09-11-2025,Mizoram,4,13.0,1.0,3.0
09-11-2025,Nagaland,2,9.0,6.0,-4.0
09-11-2025,Odisha,227,188.0,43.0,184.0
09-11-2025,Orissa,0,1.0,0.0,0.0
09-11-2025,Pondicherry,3,4.0,0.0,3.0
09-11-2025,Puducherry,8,5.0,0.0,8.0
09-11-2025,Punjab,83,283.0,44.0,39.0
09-11-2025,Rajasthan,635,3844.0,376.0,259.0
09-11-2025,Sikkim,5,3.0,0.0,5.0
09-11-2025,Tamil Nadu,1654,1608.0,177.0,1477.0
09-11-2025,Telangana,2004,387.0,126.0,1878.0
09-11-2025,Tripura,34,77.0,13.0,21.0
09-11-2025,Uttar Pradesh,3307,21099.0,2507.0,800.0
09-11-2025,Uttarakhand,355,2339.0,37.0,318.0
09-11-2025,West  Bengal,0,0.0,0.0,0.0
09-11-2025,West Bengal,1156,2153.0,826.0,330.0
09-12-2025,Andaman & Nicobar Islands,1,10.0,0.0,1.0
09-12-2025,Andaman and Nicobar Islands,5,93.0,0.0,5.0
09-12-2025,Andhra Pradesh,1428,8258.0,0.0,1428.0
09-12-2025,Arunachal Pradesh,40,309.0,0.0,40.0
09-12-2025,Assam,691,4659.0,0.0,691.0
09-12-2025,Bihar,3274,12017.0,0.0,3274.0
09-12-2025,Chandigarh,16,35.0,0.0,16.0
09-12-2025,Chhattisgarh,1486,16915.0,0.0,1486.0
09-12-2025,Dadra & Nagar Haveli,0,0.0,0.0,0.0
09-12-2025,Dadra and Nagar Haveli,9,21.0,0.0,9.0
09-12-2025,Dadra and Nagar Haveli and Daman and Diu,0,2.0,0.0,0.0
09-12-2025,Daman & Diu,0,0.0,0.0,0.0
09-12-2025,Daman and Diu,0,12.0,0.0,0.0
09-12-2025,Delhi,475,3304.0,0.0,475.0
09-12-2025,Goa,22,254.0,0.0,22.0
09-12-2025,Gujarat,1018,5939.0,0.0,1018.0
09-12-2025,Haryana,513,3764.0,0.0,513.0
09-12-2025,Himachal Pradesh,223,1471.0,0.0,223.0
09-12-2025,Jammu & Kashmir,2,0.0,0.0,2.0
09-12-2025,Jammu and Kashmir,419,3932.0,0.0,419.0
09-12-2025,Jharkhand,871,3607.0,0.0,871.0
09-12-2025,Karnataka,1528,5317.0,0.0,1528.0
09-12-2025,Kerala,609,951.0,0.0,609.0
09-12-2025,Ladakh,16,14.0,0.0,16.0
09-12-2025,Lakshadweep,2,3.0,0.0,2.0
09-12-2025,Madhya Pradesh,2455,10092.0,0.0,2455.0
09-12-2025,Maharashtra,2624,18361.0,0.0,2624.0
09-12-2025,Manipur,252,314.0,0.0,252.0
09-12-2025,Meghalaya,70,263.0,0.0,70.0
09-12-2025,Mizoram,18,221.0,0.0,18.0
09-12-2025,Nagaland,41,384.0,0.0,41.0
09-12-2025,Odisha,1103,5319.0,0.0,1103.0
09-12-2025,Orissa,16,35.0,0.0,16.0
09-12-2025,Pondicherry,9,29.0,0.0,9.0
09-12-2025,Puducherry,38,108.0,0.0,38.0
09-12-2025,Punjab,225,3867.0,0.0,225.0
09-12-2025,Rajasthan,1392,6027.0,0.0,1392.0
09-12-2025,Sikkim,2,5.0,0.0,2.0
09-12-2025,Tamil Nadu,1162,3768.0,0.0,1162.0
09-12-2025,Telangana,623,2005.0,0.0,623.0
09-12-2025,Tripura,72,364.0,0.0,72.0
09-12-2025,Uttar Pradesh,3619,13743.0,0.0,3619.0
09-12-2025,Uttarakhand,315,3611.0,0.0,315.0
09-12-2025,WEST BENGAL,0,0.0,0.0,0.0
09-12-2025,West Bangal,0,0.0,0.0,0.0
09-12-2025,West Bengal,972,2021.0,0.0,972.0
09-12-2025,Westbengal,0,0.0,0.0,0.0
09-12-2025,andhra pradesh,0,0.0,0.0,0.0
09-12-2025,odisha,0,0.0,0.0,0.0
10-09-2025,Andaman & Nicobar Islands,0,0.0,0.0,0.0
10-09-2025,Andaman and Nicobar Islands,0,10.0,0.0,0.0
10-09-2025,Andhra Pradesh,1085,3619.0,113.0,972.0
10-09-2025,Arunachal Pradesh,86,177.0,33.0,53.0
10-09-2025,Assam,1158,5716.0,817.0,341.0
10-09-2025,Bihar,4632,11256.0,3824.0,808.0
10-09-2025,Chandigarh,20,126.0,6.0,14.0
10-09-2025,Chhattisgarh,1096,3286.0,210.0,886.0
10-09-2025,Dadra & Nagar Haveli,2,1.0,0.0,2.0
10-09-2025,Dadra and Nagar Haveli,2,15.0,1.0,1.0
10-09-2025,Dadra and Nagar Haveli and Daman and Diu,6,2.0,0.0,6.0
10-09-2025,Daman & Diu,1,0.0,0.0,1.0
10-09-2025,Daman and Diu,6,34.0,0.0,6.0
10-09-2025,Delhi,786,2470.0,165.0,621.0
10-09-2025,Goa,12,104.0,5.0,7.0
10-09-2025,Gujarat,1843,6352.0,812.0,1031.0
10-09-2025,Haryana,1165,3603.0,103.0,1062.0
10-09-2025,Himachal Pradesh,251,485.0,9.0,242.0
10-09-2025,Jammu & Kashmir,0,0.0,0.0,0.0
10-09-2025,Jammu and Kashmir,421,1254.0,102.0,319.0
10-09-2025,Jharkhand,1652,3781.0,1031.0,621.0
10-09-2025,Karnataka,1749,3697.0,449.0,1300.0
10-09-2025,Kerala,838,2042.0,294.0,544.0
10-09-2025,Ladakh,0,7.0,2.0,-2.0
10-09-2025,Lakshadweep,5,18.0,0.0,5.0
10-09-2025,Madhya Pradesh,3997,9148.0,2019.0,1978.0
10-09-2025,Maharashtra,3319,29292.0,1552.0,1767.0
10-09-2025,Manipur,319,1247.0,104.0,215.0
10-09-2025,Meghalaya,159,157.0,206.0,-47.0
10-09-2025,Mizoram,57,156.0,22.0,35.0
10-09-2025,Nagaland,24,84.0,50.0,-26.0
10-09-2025,Odisha,1688,6047.0,534.0,1154.0
10-09-2025,Orissa,15,59.0,5.0,10.0
10-09-2025,Pondicherry,2,27.0,1.0,1.0
10-09-2025,Puducherry,51,146.0,0.0,51.0
10-09-2025,Punjab,388,1710.0,99.0,289.0
10-09-2025,Rajasthan,2109,28752.0,1474.0,635.0
10-09-2025,Sikkim,25,112.0,7.0,18.0
10-09-2025,Tamil Nadu,3185,5907.0,363.0,2822.0
10-09-2025,Telangana,1461,4127.0,388.0,1073.0
10-09-2025,Tripura,102,212.0,37.0,65.0
10-09-2025,Uttar Pradesh,14195,22495.0,5274.0,8921.0
10-09-2025,Uttarakhand,349,1263.0,61.0,288.0
10-09-2025,WEST BENGAL,0,0.0,0.0,0.0
10-09-2025,WESTBENGAL,0,0.0,0.0,0.0
10-09-2025,West Bengal,2453,4232.0,858.0,1595.0
10-09-2025,West bengal,0,0.0,0.0,0.0
10-09-2025,Westbengal,0,0.0,0.0,0.0
10-11-2025,Andaman & Nicobar Islands,0,1.0,0.0,0.0
10-11-2025,Andaman and Nicobar Islands,4,28.0,1.0,3.0
10-11-2025,Andhra Pradesh,2034,8870.0,149.0,1885.0
10-11-2025,Arunachal Pradesh,71,380.0,4.0,67.0
10-11-2025,Assam,542,2304.0,169.0,373.0
10-11-2025,Bihar,2918,7104.0,1616.0,1302.0
10-11-2025,Chandigarh,32,117.0,2.0,30.0
10-11-2025,Chhattisgarh,1361,10488.0,188.0,1173.0
10-11-2025,Dadra & Nagar Haveli,0,0.0,0.0,0.0
10-11-2025,Dadra and Nagar Haveli,8,25.0,2.0,6.0
10-11-2025,Dadra and Nagar Haveli and Daman and Diu,0,0.0,0.0,0.0
10-11-2025,Daman & Diu,0,1.0,0.0,0.0
10-11-2025,Daman and Diu,2,10.0,0.0,2.0
10-11-2025,Delhi,422,1927.0,121.0,301.0
10-11-2025,Goa,17,309.0,2.0,15.0
10-11-2025,Gujarat,978,3884.0,199.0,779.0
10-11-2025,Haryana,625,2854.0,66.0,559.0
10-11-2025,Himachal Pradesh,162,1179.0,5.0,157.0
10-11-2025,Jammu & Kashmir,0,0.0,0.0,0.0
10-11-2025,Jammu and Kashmir,319,1960.0,76.0,243.0
10-11-2025,Jharkhand,1020,2140.0,603.0,417.0
10-11-2025,Karnataka,1517,5092.0,345.0,1172.0
10-11-2025,Kerala,547,1066.0,214.0,333.0
10-11-2025,Ladakh,3,1.0,2.0,1.0
10-11-2025,Lakshadweep,3,0.0,0.0,3.0
10-11-2025,Madhya Pradesh,1743,6643.0,778.0,965.0
10-11-2025,Maharashtra,2011,13250.0,664.0,1347.0
10-11-2025,Manipur,1141,1723.0,105.0,1036.0
10-11-2025,Meghalaya,73,276.0,79.0,-6.0
10-11-2025,Mizoram,30,32.0,4.0,26.0
10-11-2025,Nagaland,26,137.0,35.0,-9.0
10-11-2025,ODISHA,1,0.0,0.0,1.0
10-11-2025,Odisha,1206,7799.0,208.0,998.0
10-11-2025,Orissa,19,78.0,2.0,17.0
10-11-2025,Pondicherry,7,39.0,2.0,5.0
10-11-2025,Puducherry,43,131.0,1.0,42.0
10-11-2025,Punjab,270,3178.0,97.0,173.0
10-11-2025,Rajasthan,2226,14973.0,1465.0,761.0
10-11-2025,Sikkim,30,45.0,5.0,25.0
10-11-2025,Tamil Nadu,5672,24769.0,582.0,5090.0
10-11-2025,Telangana,1933,6193.0,344.0,1589.0
10-11-2025,Tripura,187,564.0,38.0,149.0
10-11-2025,Uttar Pradesh,7877,30333.0,6498.0,1379.0
10-11-2025,Uttarakhand,417,2544.0,72.0,345.0
10-11-2025,WEST BENGAL,0,0.0,0.0,0.0
10-11-2025,WESTBENGAL,0,0.0,0.0,0.0
10-11-2025,West  Bengal,0,0.0,0.0,0.0
10-11-2025,West Bangal,0,0.0,0.0,0.0
10-11-2025,West Bengal,2867,3911.0,1260.0,1607.0
10-11-2025,West bengal,0,0.0,0.0,0.0
10-11-2025,andhra pradesh,0,0.0,0.0,0.0
10-12-2025,Andaman & Nicobar Islands,0,0.0,0.0,0.0
10-12-2025,Andaman and Nicobar Islands,5,0.0,0.0,5.0
10-12-2025,Andhra Pradesh,1487,2469.0,0.0,1487.0
10-12-2025,Arunachal Pradesh,63,254.0,0.0,63.0
10-12-2025,Assam,924,3018.0,0.0,924.0
10-12-2025,Bihar,3145,7877.0,0.0,3145.0
10-12-2025,Chandigarh,15,41.0,0.0,15.0
10-12-2025,Chhattisgarh,1435,11209.0,0.0,1435.0
10-12-2025,Dadra & Nagar Haveli,0,0.0,0.0,0.0
10-12-2025,Dadra and Nagar Haveli,10,25.0,0.0,10.0
10-12-2025,Dadra and Nagar Haveli and Daman and Diu,4,0.0,0.0,4.0
10-12-2025,Daman & Diu,0,1.0,0.0,0.0
10-12-2025,Daman and Diu,1,0.0,0.0,1.0
10-12-2025,Delhi,332,1412.0,0.0,332.0
10-12-2025,Goa,9,109.0,0.0,9.0
10-12-2025,Gujarat,920,3018.0,0.0,920.0
10-12-2025,Haryana,415,3105.0,0.0,415.0
10-12-2025,Himachal Pradesh,123,713.0,0.0,123.0
10-12-2025,Jammu & Kashmir,0,2.0,0.0,0.0
10-12-2025,Jammu and Kashmir,289,1892.0,0.0,289.0
10-12-2025,Jharkhand,782,2248.0,0.0,782.0
10-12-2025,Karnataka,1101,3105.0,0.0,1101.0
10-12-2025,Kerala,517,1405.0,0.0,517.0
10-12-2025,Ladakh,18,6.0,0.0,18.0
10-12-2025,Lakshadweep,0,1.0,0.0,0.0
10-12-2025,Madhya Pradesh,1940,7494.0,0.0,1940.0
10-12-2025,Maharashtra,2379,22404.0,0.0,2379.0
10-12-2025,Manipur,186,314.0,0.0,186.0
10-12-2025,Meghalaya,46,148.0,0.0,46.0
10-12-2025,Mizoram,22,130.0,0.0,22.0
10-12-2025,Nagaland,14,224.0,0.0,14.0
10-12-2025,Odisha,1058,5563.0,0.0,1058.0
10-12-2025,Orissa,18,67.0,0.0,18.0
10-12-2025,Pondicherry,4,14.0,0.0,4.0
10-12-2025,Puducherry,20,109.0,0.0,20.0
10-12-2025,Punjab,180,3114.0,0.0,180.0
10-12-2025,Rajasthan,1156,6913.0,0.0,1156.0
10-12-2025,Sikkim,10,24.0,0.0,10.0
10-12-2025,Tamil Nadu,1512,11375.0,0.0,1512.0
10-12-2025,Telangana,530,3576.0,0.0,530.0
10-12-2025,Tripura,65,659.0,0.0,65.0
10-12-2025,Uttar Pradesh,2663,18155.0,0.0,2663.0
10-12-2025,Uttarakhand,326,5644.0,0.0,326.0
10-12-2025,West Bengal,2144,4474.0,0.0,2144.0
10-12-2025,West bengal,0,0.0,0.0,0.0
10-12-2025,Westbengal,0,0.0,0.0,0.0
10-12-2025,andhra pradesh,0,0.0,0.0,0.0
10-12-2025,odisha,0,0.0,0.0,0.0
11-09-2025,Andaman & Nicobar Islands,0,5.0,0.0,0.0
11-09-2025,Andaman and Nicobar Islands,3,76.0,0.0,3.0
11-09-2025,Andhra Pradesh,1453,3554.0,193.0,1260.0
11-09-2025,Arunachal Pradesh,89,170.0,36.0,53.0
11-09-2025,Assam,714,3523.0,529.0,185.0
11-09-2025,Bihar,3072,6706.0,3165.0,-93.0
11-09-2025,Chandigarh,41,152.0,5.0,36.0
11-09-2025,Chhattisgarh,1008,3152.0,228.0,780.0
11-09-2025,Dadra & Nagar Haveli,0,2.0,0.0,0.0
11-09-2025,Dadra and Nagar Haveli,32,236.0,2.0,30.0
11-09-2025,Dadra and Nagar Haveli and Daman and Diu,3,3.0,2.0,1.0
11-09-2025,Daman & Diu,0,4.0,0.0,0.0
11-09-2025,Daman and Diu,7,32.0,0.0,7.0
11-09-2025,Delhi,717,3101.0,219.0,498.0
11-09-2025,Goa,23,120.0,5.0,18.0
11-09-2025,Gujarat,1815,7862.0,919.0,896.0
11-09-2025,Haryana,807,4481.0,88.0,719.0
11-09-2025,Himachal Pradesh,171,723.0,4.0,167.0
11-09-2025,Jammu & Kashmir,1,0.0,0.0,1.0
11-09-2025,Jammu and Kashmir,209,1166.0,60.0,149.0
11-09-2025,Jharkhand,979,4010.0,781.0,198.0
11-09-2025,Karnataka,1116,3866.0,338.0,778.0
11-09-2025,Kerala,655,1855.0,210.0,445.0
11-09-2025,Ladakh,2,3.0,0.0,2.0
11-09-2025,Lakshadweep,0,2.0,1.0,-1.0
11-09-2025,Madhya Pradesh,2868,12287.0,1565.0,1303.0
11-09-2025,Maharashtra,2049,33188.0,1305.0,744.0
11-09-2025,Manipur,166,1109.0,74.0,92.0
11-09-2025,Meghalaya,61,88.0,133.0,-72.0
11-09-2025,Mizoram,26,82.0,6.0,20.0
11-09-2025,Nagaland,20,107.0,35.0,-15.0
11-09-2025,ODISHA,0,0.0,0.0,0.0
11-09-2025,Odisha,1069,5094.0,384.0,685.0
11-09-2025,Orissa,23,42.0,10.0,13.0
11-09-2025,Pondicherry,8,32.0,1.0,7.0
11-09-2025,Puducherry,117,258.0,2.0,115.0
11-09-2025,Punjab,508,2184.0,98.0,410.0
11-09-2025,Rajasthan,2022,27975.0,1478.0,544.0
11-09-2025,Sikkim,20,90.0,14.0,6.0
11-09-2025,Tamil Nadu,3774,5901.0,434.0,3340.0
11-09-2025,Telangana,942,2883.0,249.0,693.0
11-09-2025,Tripura,63,231.0,45.0,18.0
11-09-2025,Uttar Pradesh,9870,28046.0,4504.0,5366.0
11-09-2025,Uttarakhand,445,1715.0,52.0,393.0
11-09-2025,West  Bengal,0,0.0,0.0,0.0
11-09-2025,West Bengal,2879,5878.0,1145.0,1734.0
11-09-2025,West bengal,0,0.0,0.0,0.0
11-09-2025,Westbengal,0,0.0,0.0,0.0
11-11-2025,Andaman & Nicobar Islands,0,0.0,0.0,0.0
11-11-2025,Andaman and Nicobar Islands,10,47.0,0.0,10.0
11-11-2025,Andhra Pradesh,2868,9304.0,102.0,2766.0
11-11-2025,Arunachal Pradesh,24,497.0,11.0,13.0
11-11-2025,Assam,437,3844.0,316.0,121.0
11-11-2025,Bihar,2633,7480.0,1720.0,913.0
11-11-2025,Chandigarh,25,76.0,3.0,22.0
11-11-2025,Chhattisgarh,1271,8184.0,158.0,1113.0
11-11-2025,Dadra and Nagar Haveli,8,19.0,0.0,8.0
11-11-2025,Dadra and Nagar Haveli and Daman and Diu,0,0.0,0.0,0.0
11-11-2025,Daman & Diu,0,0.0,0.0,0.0
11-11-2025,Daman and Diu,0,5.0,0.0,0.0
11-11-2025,Delhi,502,1742.0,94.0,408.0
11-11-2025,Goa,18,212.0,0.0,18.0
11-11-2025,Gujarat,1082,2219.0,237.0,845.0
11-11-2025,Haryana,751,3126.0,31.0,720.0
11-11-2025,Himachal Pradesh,188,1201.0,8.0,180.0
11-11-2025,Jammu & Kashmir,3,0.0,0.0,3.0
11-11-2025,Jammu and Kashmir,297,2183.0,72.0,225.0
11-11-2025,Jharkhand,971,2531.0,619.0,352.0
11-11-2025,Karnataka,1587,2672.0,293.0,1294.0
11-11-2025,Kerala,595,1114.0,146.0,449.0
11-11-2025,Ladakh,6,10.0,0.0,6.0
11-11-2025,Lakshadweep,2,0.0,0.0,2.0
11-11-2025,Madhya Pradesh,2079,8110.0,727.0,1352.0
11-11-2025,Maharashtra,1977,16385.0,544.0,1433.0
11-11-2025,Manipur,921,2096.0,61.0,860.0
11-11-2025,Meghalaya,42,267.0,85.0,-43.0
11-11-2025,Mizoram,23,97.0,2.0,21.0
11-11-2025,Nagaland,37,318.0,30.0,7.0
11-11-2025,ODISHA,0,0.0,0.0,0.0
11-11-2025,Odisha,1167,4176.0,177.0,990.0
11-11-2025,Orissa,22,35.0,3.0,19.0
11-11-2025,Pondicherry,13,26.0,0.0,13.0
11-11-2025,Puducherry,25,95.0,0.0,25.0
11-11-2025,Punjab,295,3203.0,64.0,231.0
11-11-2025,Rajasthan,1929,12671.0,581.0,1348.0
11-11-2025,Sikkim,8,35.0,4.0,4.0
11-11-2025,Tamil Nadu,3040,12084.0,257.0,2783.0
11-11-2025,Telangana,1691,4296.0,93.0,1598.0
11-11-2025,Tripura,101,472.0,25.0,76.0
11-11-2025,Uttar Pradesh,4532,22766.0,1498.0,3034.0
11-11-2025,Uttarakhand,236,2233.0,31.0,205.0
11-11-2025,West  Bengal,0,0.0,0.0,0.0
11-11-2025,West Bangal,0,1.0,0.0,0.0
11-11-2025,West Bengal,1749,3562.0,483.0,1266.0
11-11-2025,West bengal,0,0.0,0.0,0.0
11-11-2025,Westbengal,0,0.0,0.0,0.0
11-11-2025,west Bengal,0,0.0,0.0,0.0
11-12-2025,Andaman & Nicobar Islands,0,5.0,0.0,0.0
11-12-2025,Andaman and Nicobar Islands,10,74.0,0.0,10.0
11-12-2025,Andhra Pradesh,2819,8010.0,0.0,2819.0
11-12-2025,Arunachal Pradesh,58,307.0,0.0,58.0
11-12-2025,Assam,805,3067.0,0.0,805.0
11-12-2025,Bihar,3821,9493.0,0.0,3821.0
11-12-2025,Chandigarh,45,82.0,0.0,45.0
11-12-2025,Chhattisgarh,1297,11761.0,0.0,1297.0
11-12-2025,Dadra & Nagar Haveli,0,0.0,0.0,0.0
11-12-2025,Dadra and Nagar Haveli,7,42.0,0.0,7.0
11-12-2025,Dadra and Nagar Haveli and Daman and Diu,1,3.0,0.0,1.0
11-12-2025,Daman & Diu,0,0.0,0.0,0.0
11-12-2025,Daman and Diu,1,16.0,0.0,1.0
11-12-2025,Delhi,559,2071.0,0.0,559.0
11-12-2025,Goa,28,171.0,0.0,28.0
11-12-2025,Gujarat,1270,8209.0,0.0,1270.0
11-12-2025,Haryana,652,3828.0,0.0,652.0
11-12-2025,Himachal Pradesh,178,901.0,0.0,178.0
11-12-2025,Jammu & Kashmir,0,0.0,0.0,0.0
11-12-2025,Jammu and Kashmir,334,2371.0,0.0,334.0
11-12-2025,Jharkhand,1244,3804.0,0.0,1244.0
11-12-2025,Karnataka,1849,6384.0,0.0,1849.0
11-12-2025,Kerala,601,2272.0,0.0,601.0
11-12-2025,Ladakh,16,27.0,0.0,16.0
11-12-2025,Lakshadweep,1,13.0,0.0,1.0
11-12-2025,Madhya Pradesh,2346,15905.0,0.0,2346.0
11-12-2025,Maharashtra,3512,24318.0,0.0,3512.0
11-12-2025,Manipur,319,315.0,0.0,319.0
11-12-2025,Meghalaya,138,156.0,0.0,138.0
11-12-2025,Mizoram,32,141.0,0.0,32.0
11-12-2025,Nagaland,49,227.0,0.0,49.0
11-12-2025,ODISHA,0,0.0,0.0,0.0
11-12-2025,Odisha,2006,4835.0,0.0,2006.0
11-12-2025,Orissa,47,47.0,0.0,47.0
11-12-2025,Pondicherry,10,20.0,0.0,10.0
11-12-2025,Puducherry,31,112.0,0.0,31.0
11-12-2025,Punjab,400,4076.0,0.0,400.0
11-12-2025,Rajasthan,2580,10883.0,0.0,2580.0
11-12-2025,Sikkim,19,56.0,0.0,19.0
11-12-2025,Tamil Nadu,3269,16945.0,0.0,3269.0
11-12-2025,Telangana,1694,3942.0,0.0,1694.0
11-12-2025,Tripura,162,411.0,0.0,162.0
11-12-2025,Uttar Pradesh,6571,19621.0,0.0,6571.0
11-12-2025,Uttarakhand,442,5053.0,0.0,442.0
11-12-2025,WESTBENGAL,0,0.0,0.0,0.0
11-12-2025,West Bangal,0,0.0,0.0,0.0
11-12-2025,West Bengal,2716,4839.0,0.0,2716.0
12-09-2025,Andaman & Nicobar Islands,0,9.0,0.0,0.0
12-09-2025,Andaman and Nicobar Islands,6,72.0,0.0,6.0
12-09-2025,Andhra Pradesh,1340,3606.0,203.0,1137.0
12-09-2025,Arunachal Pradesh,137,182.0,26.0,111.0
12-09-2025,Assam,587,2183.0,345.0,242.0
12-09-2025,Bihar,2525,5603.0,2542.0,-17.0
12-09-2025,Chandigarh,37,91.0,1.0,36.0
12-09-2025,Chhattisgarh,667,2040.0,174.0,493.0
12-09-2025,Dadra and Nagar Haveli and Daman and Diu,10,3.0,0.0,10.0
12-09-2025,Daman & Diu,1,3.0,0.0,1.0
12-09-2025,Daman and Diu,5,56.0,0.0,5.0
12-09-2025,Delhi,522,2209.0,143.0,379.0
12-09-2025,Goa,19,87.0,6.0,13.0
12-09-2025,Gujarat,1524,6318.0,663.0,861.0
12-09-2025,Haryana,728,3192.0,72.0,656.0
12-09-2025,Himachal Pradesh,208,705.0,9.0,199.0
12-09-2025,Jammu & Kashmir,0,0.0,0.0,0.0
12-09-2025,Jammu and Kashmir,88,381.0,38.0,50.0
12-09-2025,Jharkhand,1183,3699.0,736.0,447.0
12-09-2025,Karnataka,1100,3077.0,286.0,814.0
12-09-2025,Kerala,550,1948.0,191.0,359.0
12-09-2025,Ladakh,7,17.0,2.0,5.0
12-09-2025,Lakshadweep,0,1.0,0.0,0.0
12-09-2025,Madhya Pradesh,2955,13342.0,1757.0,1198.0
12-09-2025,Maharashtra,2669,49504.0,1602.0,1067.0
12-09-2025,Manipur,189,1279.0,50.0,139.0
12-09-2025,Meghalaya,112,246.0,259.0,-147.0
12-09-2025,Mizoram,32,113.0,9.0,23.0
12-09-2025,Nagaland,31,212.0,78.0,-47.0
12-09-2025,Odisha,1198,6104.0,532.0,666.0
12-09-2025,Orissa,27,71.0,13.0,14.0
12-09-2025,Pondicherry,5,58.0,3.0,2.0
12-09-2025,Puducherry,61,244.0,1.0,60.0
12-09-2025,Punjab,515,2821.0,159.0,356.0
12-09-2025,Rajasthan,2496,39388.0,2257.0,239.0
12-09-2025,Sikkim,20,129.0,15.0,5.0
12-09-2025,Tamil Nadu,4508,8051.0,623.0,3885.0
12-09-2025,Telangana,2456,5714.0,488.0,1968.0
12-09-2025,Tripura,181,409.0,55.0,126.0
12-09-2025,Uttar Pradesh,16843,42158.0,5790.0,11053.0
12-09-2025,Uttarakhand,483,1736.0,78.0,405.0
12-09-2025,West  Bengal,0,0.0,0.0,0.0
12-09-2025,West Bangal,1,0.0,0.0,1.0
12-09-2025,West Bengal,3948,5675.0,1056.0,2892.0
12-09-2025,West bengal,0,0.0,0.0,0.0
12-09-2025,Westbengal,0,0.0,1.0,-1.0
12-09-2025,andhra pradesh,0,0.0,0.0,0.0
12-11-2025,Andaman & Nicobar Islands,0,3.0,0.0,0.0
12-11-2025,Andaman and Nicobar Islands,2,47.0,0.0,2.0
12-11-2025,Andhra Pradesh,1749,6509.0,65.0,1684.0
12-11-2025,Arunachal Pradesh,45,317.0,17.0,28.0
12-11-2025,Assam,401,1381.0,232.0,169.0
12-11-2025,Bihar,2100,2290.0,1366.0,734.0
12-11-2025,Chandigarh,15,19.0,0.0,15.0
12-11-2025,Chhattisgarh,1024,3206.0,98.0,926.0
12-11-2025,Dadra & Nagar Haveli,0,0.0,0.0,0.0
12-11-2025,Dadra and Nagar Haveli,23,40.0,0.0,23.0
12-11-2025,Dadra and Nagar Haveli and Daman and Diu,3,2.0,0.0,3.0
12-11-2025,Daman & Diu,0,6.0,0.0,0.0
12-11-2025,Daman and Diu,2,74.0,0.0,2.0
12-11-2025,Delhi,364,1049.0,79.0,285.0
12-11-2025,Goa,15,234.0,0.0,15.0
12-11-2025,Gujarat,1188,4109.0,246.0,942.0
12-11-2025,Haryana,470,2035.0,50.0,420.0
12-11-2025,Himachal Pradesh,163,887.0,3.0,160.0
12-11-2025,Jammu & Kashmir,0,1.0,1.0,-1.0
12-11-2025,Jammu and Kashmir,331,3959.0,38.0,293.0
12-11-2025,Jharkhand,1035,3315.0,365.0,670.0
12-11-2025,Karnataka,1849,5452.0,144.0,1705.0
12-11-2025,Kerala,633,1835.0,126.0,507.0
12-11-2025,Ladakh,2,0.0,0.0,2.0
12-11-2025,Lakshadweep,2,2.0,0.0,2.0
12-11-2025,Madhya Pradesh,1611,6388.0,400.0,1211.0
12-11-2025,Maharashtra,3049,20437.0,398.0,2651.0
12-11-2025,Manipur,938,1643.0,42.0,896.0
12-11-2025,Meghalaya,56,351.0,103.0,-47.0
12-11-2025,Mizoram,18,106.0,7.0,11.0
12-11-2025,Nagaland,17,205.0,34.0,-17.0
12-11-2025,ODISHA,0,0.0,0.0,0.0
12-11-2025,Odisha,978,5852.0,88.0,890.0
12-11-2025,Orissa,18,62.0,1.0,17.0
12-11-2025,Pondicherry,4,23.0,1.0,3.0
12-11-2025,Puducherry,41,112.0,2.0,39.0
12-11-2025,Punjab,273,2540.0,48.0,225.0
12-11-2025,Rajasthan,1332,5786.0,557.0,775.0
12-11-2025,Sikkim,3,12.0,7.0,-4.0
12-11-2025,Tamil Nadu,2441,9003.0,235.0,2206.0
12-11-2025,Telangana,2640,6621.0,216.0,2424.0
12-11-2025,Tripura,177,862.0,37.0,140.0
12-11-2025,Uttar Pradesh,7960,26070.0,3385.0,4575.0
12-11-2025,Uttarakhand,324,2532.0,28.0,296.0
12-11-2025,WESTBENGAL,0,0.0,0.0,0.0
12-11-2025,West Bangal,0,0.0,0.0,0.0
12-11-2025,West Bengal,3011,4850.0,675.0,2336.0
12-11-2025,West bengal,0,0.0,0.0,0.0
12-11-2025,Westbengal,0,0.0,0.0,0.0
12-11-2025,andhra pradesh,2,0.0,0.0,2.0
12-12-2025,Andaman & Nicobar Islands,0,2.0,0.0,0.0
12-12-2025,Andaman and Nicobar Islands,12,58.0,0.0,12.0
12-12-2025,Andhra Pradesh,3415,5845.0,0.0,3415.0
12-12-2025,Arunachal Pradesh,38,221.0,0.0,38.0
12-12-2025,Assam,1017,3696.0,0.0,1017.0
12-12-2025,Bihar,5943,10971.0,0.0,5943.0
12-12-2025,Chandigarh,52,100.0,0.0,52.0
12-12-2025,Chhattisgarh,2463,13843.0,0.0,2463.0
12-12-2025,Dadra & Nagar Haveli,0,0.0,0.0,0.0
12-12-2025,Dadra and Nagar Haveli,19,24.0,0.0,19.0
12-12-2025,Dadra and Nagar Haveli and Daman and Diu,3,0.0,0.0,3.0
12-12-2025,Daman & Diu,0,1.0,0.0,0.0
12-12-2025,Daman and Diu,2,10.0,0.0,2.0
12-12-2025,Delhi,911,3020.0,0.0,911.0
12-12-2025,Goa,50,272.0,0.0,50.0
12-12-2025,Gujarat,2260,6178.0,0.0,2260.0
12-12-2025,Haryana,950,5281.0,0.0,950.0
12-12-2025,Himachal Pradesh,324,929.0,0.0,324.0
12-12-2025,Jammu & Kashmir,0,0.0,0.0,0.0
12-12-2025,Jammu and Kashmir,575,3571.0,0.0,575.0
12-12-2025,Jharkhand,1569,4543.0,0.0,1569.0
12-12-2025,Karnataka,2631,7393.0,0.0,2631.0
12-12-2025,Kerala,966,3293.0,0.0,966.0
12-12-2025,Ladakh,12,13.0,0.0,12.0
12-12-2025,Lakshadweep,3,7.0,0.0,3.0
12-12-2025,Madhya Pradesh,3096,15906.0,0.0,3096.0
12-12-2025,Maharashtra,3568,25450.0,0.0,3568.0
12-12-2025,Manipur,311,414.0,0.0,311.0
12-12-2025,Meghalaya,55,150.0,0.0,55.0
12-12-2025,Mizoram,33,123.0,0.0,33.0
12-12-2025,Nagaland,45,246.0,0.0,45.0
12-12-2025,ODISHA,0,0.0,0.0,0.0
12-12-2025,Odisha,1860,8190.0,0.0,1860.0
12-12-2025,Orissa,48,62.0,0.0,48.0
12-12-2025,Pondicherry,4,21.0,0.0,4.0
12-12-2025,Puducherry,33,107.0,0.0,33.0
12-12-2025,Punjab,488,4968.0,0.0,488.0
12-12-2025,Rajasthan,3693,13826.0,0.0,3693.0
12-12-2025,Sikkim,31,59.0,0.0,31.0
12-12-2025,Tamil Nadu,3436,17381.0,0.0,3436.0
12-12-2025,Telangana,2010,4221.0,0.0,2010.0
12-12-2025,Tripura,227,716.0,0.0,227.0
12-12-2025,Uttar Pradesh,6558,28521.0,0.0,6558.0
12-12-2025,Uttarakhand,429,7920.0,0.0,429.0
12-12-2025,West  Bengal,0,0.0,0.0,0.0
12-12-2025,West Bangal,0,0.0,0.0,0.0
12-12-2025,West Bengal,1703,6453.0,0.0,1703.0
12-12-2025,Westbengal,0,0.0,0.0,0.0
13-09-2025,Andaman & Nicobar Islands,0,0.0,0.0,0.0
13-09-2025,Andaman and Nicobar Islands,2,10.0,0.0,2.0
13-09-2025,Andhra Pradesh,971,2084.0,88.0,883.0
13-09-2025,Arunachal Pradesh,28,44.0,43.0,-15.0
13-09-2025,Assam,702,2245.0,462.0,240.0
13-09-2025,Bihar,2646,4975.0,1961.0,685.0
13-09-2025,Chandigarh,31,90.0,1.0,30.0
13-09-2025,Chhattisgarh,787,2033.0,147.0,640.0
13-09-2025,Dadra and Nagar Haveli,20,143.0,0.0,20.0
13-09-2025,Dadra and Nagar Haveli and Daman and Diu,3,1.0,0.0,3.0
13-09-2025,Daman & Diu,0,0.0,0.0,0.0
13-09-2025,Daman and Diu,1,33.0,0.0,1.0
13-09-2025,Delhi,693,2550.0,165.0,528.0
13-09-2025,Goa,12,18.0,0.0,12.0
13-09-2025,Gujarat,1002,2790.0,282.0,720.0
13-09-2025,Haryana,595,2079.0,38.0,557.0
13-09-2025,Himachal Pradesh,157,347.0,1.0,156.0
13-09-2025,Jammu & Kashmir,1,0.0,0.0,1.0
13-09-2025,Jammu and Kashmir,308,1198.0,57.0,251.0
13-09-2025,Jharkhand,949,2681.0,560.0,389.0
13-09-2025,Karnataka,1038,2656.0,196.0,842.0
13-09-2025,Kerala,1139,3368.0,353.0,786.0
13-09-2025,Ladakh,4,58.0,3.0,1.0
13-09-2025,Lakshadweep,6,12.0,0.0,6.0
13-09-2025,Madhya Pradesh,2930,9393.0,1183.0,1747.0
13-09-2025,Maharashtra,2767,37088.0,971.0,1796.0
13-09-2025,Manipur,118,183.0,30.0,88.0
13-09-2025,Meghalaya,50,47.0,72.0,-22.0
13-09-2025,Mizoram,26,157.0,15.0,11.0
13-09-2025,Nagaland,28,59.0,21.0,7.0
13-09-2025,Odisha,1399,4536.0,356.0,1043.0
13-09-2025,Orissa,35,41.0,8.0,27.0
13-09-2025,Pondicherry,12,74.0,3.0,9.0
13-09-2025,Puducherry,103,476.0,1.0,102.0
13-09-2025,Punjab,632,2970.0,115.0,517.0
13-09-2025,Rajasthan,2249,28500.0,1691.0,558.0
13-09-2025,Sikkim,29,64.0,14.0,15.0
13-09-2025,Tamil Nadu,4713,9329.0,553.0,4160.0
13-09-2025,Telangana,1100,3836.0,253.0,847.0
13-09-2025,Tripura,16,23.0,4.0,12.0
13-09-2025,Uttar Pradesh,8335,29955.0,4080.0,4255.0
13-09-2025,Uttarakhand,265,1077.0,42.0,223.0
13-09-2025,West  Bengal,0,0.0,0.0,0.0
13-09-2025,West Bangal,0,0.0,0.0,0.0
13-09-2025,West Bengal,2175,3104.0,728.0,1447.0
13-09-2025,andhra pradesh,2,0.0,0.0,2.0
13-10-2025,Andaman & Nicobar Islands,0,0.0,0.0,0.0
13-10-2025,Andaman and Nicobar Islands,2,0.0,0.0,2.0
13-10-2025,Andhra Pradesh,407,50.0,140.0,267.0
13-10-2025,Arunachal Pradesh,48,1.0,33.0,15.0
13-10-2025,Assam,450,59.0,396.0,54.0
13-10-2025,Bihar,1961,31.0,4618.0,-2657.0
13-10-2025,Chandigarh,2,0.0,2.0,0.0
13-10-2025,Chhattisgarh,369,4.0,148.0,221.0
13-10-2025,Dadra and Nagar Haveli,0,0.0,1.0,-1.0
13-10-2025,Daman and Diu,0,0.0,0.0,0.0
13-10-2025,Delhi,41,9.0,132.0,-91.0
13-10-2025,Goa,3,0.0,5.0,-2.0
13-10-2025,Gujarat,174,44.0,660.0,-486.0
13-10-2025,Haryana,93,17.0,85.0,8.0
13-10-2025,Himachal Pradesh,25,2.0,2.0,23.0
13-10-2025,Jammu & Kashmir,0,0.0,0.0,0.0
13-10-2025,Jammu and Kashmir,82,11.0,110.0,-28.0
13-10-2025,Jharkhand,435,11.0,778.0,-343.0
13-10-2025,Karnataka,312,10.0,336.0,-24.0
13-10-2025,Kerala,121,8.0,225.0,-104.0
13-10-2025,Ladakh,0,0.0,1.0,-1.0
13-10-2025,Lakshadweep,0,0.0,0.0,0.0
13-10-2025,Madhya Pradesh,352,10.0,559.0,-207.0
13-10-2025,Maharashtra,326,57.0,560.0,-234.0
13-10-2025,Manipur,41,35.0,83.0,-42.0
13-10-2025,Meghalaya,46,1.0,44.0,2.0
13-10-2025,Mizoram,20,2.0,5.0,15.0
13-10-2025,Nagaland,31,3.0,38.0,-7.0
13-10-2025,Odisha,804,261.0,192.0,612.0
13-10-2025,Orissa,7,3.0,5.0,2.0
13-10-2025,Pondicherry,1,0.0,2.0,-1.0
13-10-2025,Puducherry,5,2.0,2.0,3.0
13-10-2025,Punjab,77,98.0,128.0,-51.0
13-10-2025,Rajasthan,549,13.0,1622.0,-1073.0
13-10-2025,Sikkim,20,0.0,17.0,3.0
13-10-2025,Tamil Nadu,537,182.0,732.0,-195.0
13-10-2025,Telangana,337,121.0,399.0,-62.0
13-10-2025,Tripura,49,2.0,16.0,33.0
13-10-2025,Uttar Pradesh,2632,87.0,4889.0,-2257.0
13-10-2025,Uttarakhand,70,9.0,55.0,15.0
13-10-2025,West  Bengal,0,0.0,0.0,0.0
13-10-2025,West Bengal,1086,63.0,1040.0,46.0
13-10-2025,west Bengal,0,0.0,0.0,0.0
13-11-2025,Andaman & Nicobar Islands,0,0.0,0.0,0.0
13-11-2025,Andaman and Nicobar Islands,1,33.0,0.0,1.0
13-11-2025,Andhra Pradesh,2622,4394.0,90.0,2532.0
13-11-2025,Arunachal Pradesh,50,241.0,14.0,36.0
13-11-2025,Assam,417,951.0,162.0,255.0
13-11-2025,Bihar,2814,2957.0,1230.0,1584.0
13-11-2025,Chandigarh,14,26.0,0.0,14.0
13-11-2025,Chhattisgarh,637,2088.0,73.0,564.0
13-11-2025,Dadra and Nagar Haveli and Daman and Diu,1,2.0,1.0,0.0
13-11-2025,Daman & Diu,0,1.0,0.0,0.0
13-11-2025,Daman and Diu,1,11.0,0.0,1.0
13-11-2025,Delhi,277,1003.0,59.0,218.0
13-11-2025,Goa,11,84.0,3.0,8.0
13-11-2025,Gujarat,549,1617.0,137.0,412.0
13-11-2025,Haryana,313,1312.0,22.0,291.0
13-11-2025,Himachal Pradesh,79,476.0,4.0,75.0
13-11-2025,Jammu & Kashmir,0,0.0,0.0,0.0
13-11-2025,Jammu and Kashmir,154,1718.0,14.0,140.0
13-11-2025,Jharkhand,456,1243.0,144.0,312.0
13-11-2025,Karnataka,676,2900.0,68.0,608.0
13-11-2025,Kerala,200,597.0,38.0,162.0
13-11-2025,Ladakh,2,4.0,0.0,2.0
13-11-2025,Lakshadweep,0,0.0,0.0,0.0
13-11-2025,Madhya Pradesh,833,4276.0,159.0,674.0
13-11-2025,Maharashtra,1652,13208.0,199.0,1453.0
13-11-2025,Manipur,571,841.0,16.0,555.0
13-11-2025,Meghalaya,27,147.0,34.0,-7.0
13-11-2025,Mizoram,20,141.0,5.0,15.0
13-11-2025,Nagaland,30,190.0,22.0,8.0
13-11-2025,Odisha,1335,8087.0,110.0,1225.0
13-11-2025,Orissa,20,41.0,3.0,17.0
13-11-2025,Pondicherry,4,20.0,1.0,3.0
13-11-2025,Puducherry,18,106.0,1.0,17.0
13-11-2025,Punjab,222,2774.0,33.0,189.0
13-11-2025,Rajasthan,1662,8255.0,385.0,1277.0
13-11-2025,Sikkim,9,50.0,4.0,5.0
13-11-2025,Tamil Nadu,3024,8751.0,303.0,2721.0
13-11-2025,Telangana,2353,3154.0,172.0,2181.0
13-11-2025,Tripura,95,275.0,13.0,82.0
13-11-2025,Uttar Pradesh,4187,23873.0,1566.0,2621.0
13-11-2025,Uttarakhand,308,3168.0,32.0,276.0
13-11-2025,WESTBENGAL,0,0.0,0.0,0.0
13-11-2025,West  Bengal,0,0.0,0.0,0.0
13-11-2025,West Bengal,2542,3007.0,419.0,2123.0
13-11-2025,Westbengal,0,0.0,0.0,0.0
13-11-2025,andhra pradesh,0,0.0,0.0,0.0
13-12-2025,Andaman & Nicobar Islands,0,1.0,0.0,0.0
13-12-2025,Andaman and Nicobar Islands,2,35.0,0.0,2.0
13-12-2025,Andhra Pradesh,2524,6071.0,0.0,2524.0
13-12-2025,Arunachal Pradesh,29,60.0,0.0,29.0
13-12-2025,Assam,855,2723.0,0.0,855.0
13-12-2025,BALANAGAR,0,0.0,0.0,0.0
13-12-2025,Bihar,4314,16380.0,0.0,4314.0
13-12-2025,Chandigarh,60,90.0,0.0,60.0
13-12-2025,Chhattisgarh,1963,22973.0,0.0,1963.0
13-12-2025,Dadra & Nagar Haveli,0,0.0,0.0,0.0
13-12-2025,Dadra and Nagar Haveli,3,19.0,0.0,3.0
13-12-2025,Dadra and Nagar Haveli and Daman and Diu,2,4.0,0.0,2.0
13-12-2025,Daman & Diu,1,1.0,0.0,1.0
13-12-2025,Daman and Diu,0,3.0,0.0,0.0
13-12-2025,Delhi,484,3187.0,0.0,484.0
13-12-2025,Goa,21,144.0,0.0,21.0
13-12-2025,Gujarat,1237,5811.0,0.0,1237.0
13-12-2025,Haryana,469,5347.0,0.0,469.0
13-12-2025,Himachal Pradesh,66,725.0,0.0,66.0
13-12-2025,Jammu & Kashmir,0,0.0,0.0,0.0
13-12-2025,Jammu and Kashmir,172,1658.0,0.0,172.0
13-12-2025,Jharkhand,405,2425.0,0.0,405.0
13-12-2025,Karnataka,712,2743.0,0.0,712.0
13-12-2025,Kerala,589,2874.0,0.0,589.0
13-12-2025,Ladakh,18,13.0,0.0,18.0
13-12-2025,Lakshadweep,1,20.0,0.0,1.0
13-12-2025,Madhya Pradesh,2886,20914.0,0.0,2886.0
13-12-2025,Maharashtra,2701,18751.0,0.0,2701.0
13-12-2025,Manipur,245,257.0,0.0,245.0
13-12-2025,Meghalaya,25,32.0,0.0,25.0
13-12-2025,Mizoram,8,51.0,0.0,8.0
13-12-2025,Nagaland,16,84.0,0.0,16.0
13-12-2025,Odisha,425,2158.0,0.0,425.0
13-12-2025,Orissa,12,15.0,0.0,12.0
13-12-2025,Pondicherry,2,9.0,0.0,2.0
13-12-2025,Puducherry,10,100.0,0.0,10.0
13-12-2025,Punjab,111,1548.0,0.0,111.0
13-12-2025,Rajasthan,1057,8095.0,0.0,1057.0
13-12-2025,Sikkim,15,35.0,0.0,15.0
13-12-2025,Tamil Nadu,1430,9959.0,0.0,1430.0
13-12-2025,Telangana,717,1359.0,0.0,717.0
13-12-2025,Tripura,24,26.0,0.0,24.0
13-12-2025,Uttar Pradesh,3453,12527.0,0.0,3453.0
13-12-2025,Uttarakhand,158,2447.0,0.0,158.0
13-12-2025,West Bengal,895,1500.0,0.0,895.0
13-12-2025,Westbengal,0,0.0,0.0,0.0
14-09-2025,Andaman & Nicobar Islands,0,0.0,0.0,0.0
14-09-2025,Andaman and Nicobar Islands,0,0.0,0.0,0.0
14-09-2025,Andhra Pradesh,230,206.0,7.0,223.0
14-09-2025,Arunachal Pradesh,9,14.0,23.0,-14.0
14-09-2025,Assam,292,529.0,97.0,195.0
14-09-2025,Bihar,1212,656.0,473.0,739.0
14-09-2025,Chandigarh,27,41.0,2.0,25.0
14-09-2025,Chhattisgarh,147,345.0,25.0,122.0
14-09-2025,Dadra and Nagar Haveli,2,21.0,1.0,1.0
14-09-2025,Dadra and Nagar Haveli and Daman and Diu,0,4.0,0.0,0.0
14-09-2025,Daman and Diu,0,1.0,0.0,0.0
14-09-2025,Delhi,294,635.0,49.0,245.0
14-09-2025,Goa,4,4.0,0.0,4.0
14-09-2025,Gujarat,182,391.0,27.0,155.0
14-09-2025,Haryana,192,204.0,14.0,178.0
14-09-2025,Himachal Pradesh,7,4.0,0.0,7.0
14-09-2025,Jammu & Kashmir,0,0.0,0.0,0.0
14-09-2025,Jammu and Kashmir,22,141.0,7.0,15.0
14-09-2025,Jharkhand,278,371.0,183.0,95.0
14-09-2025,Karnataka,384,913.0,67.0,317.0
14-09-2025,Kerala,8,11.0,4.0,4.0
14-09-2025,Ladakh,0,1.0,0.0,0.0
14-09-2025,Lakshadweep,0,0.0,0.0,0.0
14-09-2025,Madhya Pradesh,200,404.0,75.0,125.0
14-09-2025,Maharashtra,482,4684.0,164.0,318.0
14-09-2025,Manipur,31,83.0,11.0,20.0
14-09-2025,Meghalaya,3,2.0,0.0,3.0
14-09-2025,Mizoram,0,29.0,1.0,-1.0
14-09-2025,Nagaland,4,6.0,3.0,1.0
14-09-2025,Odisha,78,171.0,27.0,51.0
14-09-2025,Orissa,2,0.0,0.0,2.0
14-09-2025,Pondicherry,0,1.0,0.0,0.0
14-09-2025,Puducherry,0,2.0,0.0,0.0
14-09-2025,Punjab,37,60.0,6.0,31.0
14-09-2025,Rajasthan,324,2690.0,188.0,136.0
14-09-2025,Sikkim,0,0.0,0.0,0.0
14-09-2025,Tamil Nadu,361,355.0,43.0,318.0
14-09-2025,Telangana,225,144.0,15.0,210.0
14-09-2025,Tripura,4,15.0,1.0,3.0
14-09-2025,Uttar Pradesh,4083,6705.0,1323.0,2760.0
14-09-2025,Uttarakhand,86,238.0,7.0,79.0
14-09-2025,West Bengal,613,1193.0,259.0,354.0
14-11-2025,Andaman & Nicobar Islands,0,2.0,0.0,0.0
14-11-2025,Andaman and Nicobar Islands,2,12.0,0.0,2.0
14-11-2025,Andhra Pradesh,3021,8715.0,147.0,2874.0
14-11-2025,Arunachal Pradesh,37,321.0,10.0,27.0
14-11-2025,Assam,862,2772.0,421.0,441.0
14-11-2025,Bihar,2997,2347.0,2090.0,907.0
14-11-2025,Chandigarh,23,23.0,0.0,23.0
14-11-2025,Chhattisgarh,1301,1690.0,223.0,1078.0
14-11-2025,Dadra and Nagar Haveli,2,5.0,0.0,2.0
14-11-2025,Dadra and Nagar Haveli and Daman and Diu,2,1.0,0.0,2.0
14-11-2025,Daman & Diu,0,14.0,0.0,0.0
14-11-2025,Daman and Diu,1,91.0,0.0,1.0
14-11-2025,Delhi,481,844.0,98.0,383.0
14-11-2025,Goa,23,163.0,3.0,20.0
14-11-2025,Gujarat,1003,6781.0,385.0,618.0
14-11-2025,Haryana,585,1840.0,70.0,515.0
14-11-2025,Himachal Pradesh,111,393.0,0.0,111.0
14-11-2025,Jammu & Kashmir,0,0.0,0.0,0.0
14-11-2025,Jammu and Kashmir,191,3343.0,22.0,169.0
14-11-2025,Jharkhand,670,1458.0,260.0,410.0
14-11-2025,Karnataka,1306,5480.0,196.0,1110.0
14-11-2025,Kerala,605,3344.0,101.0,504.0
14-11-2025,Ladakh,8,12.0,0.0,8.0
14-11-2025,Lakshadweep,1,25.0,0.0,1.0
14-11-2025,Madhya Pradesh,1564,3577.0,659.0,905.0
14-11-2025,Maharashtra,2034,10168.0,359.0,1675.0
14-11-2025,Manipur,591,1189.0,23.0,568.0
14-11-2025,Meghalaya,40,53.0,65.0,-25.0
14-11-2025,Mizoram,18,99.0,9.0,9.0
14-11-2025,Nagaland,12,54.0,12.0,0.0
14-11-2025,Odisha,806,4081.0,160.0,646.0
14-11-2025,Orissa,17,36.0,1.0,16.0
14-11-2025,Pondicherry,5,18.0,1.0,4.0
14-11-2025,Puducherry,10,59.0,2.0,8.0
14-11-2025,Punjab,231,3053.0,43.0,188.0
14-11-2025,Rajasthan,1700,3730.0,696.0,1004.0
14-11-2025,Sikkim,12,36.0,1.0,11.0
14-11-2025,Tamil Nadu,3588,7948.0,377.0,3211.0
14-11-2025,Telangana,2049,2710.0,259.0,1790.0
14-11-2025,Tripura,120,396.0,38.0,82.0
14-11-2025,Uttar Pradesh,7646,10677.0,3330.0,4316.0
14-11-2025,Uttarakhand,498,1473.0,61.0,437.0
14-11-2025,WEST BENGAL,0,0.0,0.0,0.0
14-11-2025,WESTBENGAL,0,0.0,0.0,0.0
14-11-2025,West  Bengal,2,0.0,0.0,2.0
14-11-2025,West Bangal,0,0.0,0.0,0.0
14-11-2025,West Bengal,3017,5617.0,680.0,2337.0
14-11-2025,West bengal,0,0.0,0.0,0.0
14-11-2025,andhra pradesh,0,0.0,0.0,0.0
14-12-2025,Andaman and Nicobar Islands,0,1.0,0.0,0.0
14-12-2025,Andhra Pradesh,2040,593.0,0.0,2040.0
14-12-2025,Arunachal Pradesh,28,21.0,0.0,28.0
14-12-2025,Assam,541,1326.0,0.0,541.0
14-12-2025,Bihar,4018,2015.0,0.0,4018.0
14-12-2025,Chandigarh,53,27.0,0.0,53.0
14-12-2025,Chhattisgarh,1214,1957.0,0.0,1214.0
14-12-2025,Dadra & Nagar Haveli,0,0.0,0.0,0.0
14-12-2025,Dadra and Nagar Haveli,14,12.0,0.0,14.0
14-12-2025,Dadra and Nagar Haveli and Daman and Diu,2,1.0,0.0,2.0
14-12-2025,Daman & Diu,0,0.0,0.0,0.0
14-12-2025,Daman and Diu,1,4.0,0.0,1.0
14-12-2025,Delhi,736,521.0,0.0,736.0
14-12-2025,Goa,33,29.0,0.0,33.0
14-12-2025,Gujarat,1204,4128.0,0.0,1204.0
14-12-2025,Haryana,386,362.0,0.0,386.0
14-12-2025,Himachal Pradesh,126,111.0,0.0,126.0
14-12-2025,Jammu & Kashmir,0,0.0,0.0,0.0
14-12-2025,Jammu and Kashmir,199,697.0,0.0,199.0
14-12-2025,Jharkhand,429,358.0,0.0,429.0
14-12-2025,Karnataka,996,1318.0,0.0,996.0
14-12-2025,Kerala,244,606.0,0.0,244.0
14-12-2025,Ladakh,7,1.0,0.0,7.0
14-12-2025,Lakshadweep,0,3.0,0.0,0.0
14-12-2025,Madhya Pradesh,1662,1275.0,0.0,1662.0
14-12-2025,Maharashtra,1741,2992.0,0.0,1741.0
14-12-2025,Manipur,227,213.0,0.0,227.0
14-12-2025,Meghalaya,59,13.0,0.0,59.0
14-12-2025,Mizoram,18,24.0,0.0,18.0
14-12-2025,Nagaland,21,39.0,0.0,21.0
14-12-2025,ODISHA,0,0.0,0.0,0.0
14-12-2025,Odisha,1590,422.0,0.0,1590.0
14-12-2025,Orissa,29,6.0,0.0,29.0
14-12-2025,Pondicherry,3,18.0,0.0,3.0
14-12-2025,Puducherry,37,42.0,0.0,37.0
14-12-2025,Punjab,167,897.0,0.0,167.0
14-12-2025,Rajasthan,1209,1393.0,0.0,1209.0
14-12-2025,Sikkim,3,8.0,0.0,3.0
14-12-2025,Tamil Nadu,2684,2716.0,0.0,2684.0
14-12-2025,Telangana,1704,611.0,0.0,1704.0
14-12-2025,Tripura,44,95.0,0.0,44.0
14-12-2025,Uttar Pradesh,4211,3475.0,0.0,4211.0
14-12-2025,Uttarakhand,223,755.0,0.0,223.0
14-12-2025,WESTBENGAL,0,0.0,0.0,0.0
14-12-2025,West Bengal,934,1817.0,0.0,934.0
15-09-2025,Andaman & Nicobar Islands,2,1.0,0.0,2.0
15-09-2025,Andaman and Nicobar Islands,3,67.0,1.0,2.0
15-09-2025,Andhra Pradesh,1634,3865.0,141.0,1493.0
15-09-2025,Arunachal Pradesh,98,203.0,46.0,52.0
15-09-2025,Assam,1294,3955.0,552.0,742.0
15-09-2025,Bihar,4024,8234.0,2439.0,1585.0
15-09-2025,Chandigarh,42,149.0,4.0,38.0
15-09-2025,Chhattisgarh,1112,3176.0,183.0,929.0
15-09-2025,Dadra & Nagar Haveli,3,0.0,0.0,3.0
15-09-2025,Dadra and Nagar Haveli,24,229.0,1.0,23.0
15-09-2025,Dadra and Nagar Haveli and Daman and Diu,11,5.0,0.0,11.0
15-09-2025,Daman & Diu,6,2.0,0.0,6.0
15-09-2025,Daman and Diu,8,52.0,0.0,8.0
15-09-2025,Delhi,735,2813.0,166.0,569.0
15-09-2025,Goa,20,97.0,4.0,16.0
15-09-2025,Gujarat,1781,8190.0,634.0,1147.0
15-09-2025,Haryana,914,3803.0,59.0,855.0
15-09-2025,Himachal Pradesh,240,878.0,12.0,228.0
15-09-2025,Jammu & Kashmir,0,0.0,0.0,0.0
15-09-2025,Jammu and Kashmir,323,1523.0,91.0,232.0
15-09-2025,Jharkhand,924,3802.0,556.0,368.0
15-09-2025,Karnataka,1496,4534.0,249.0,1247.0
15-09-2025,Kerala,564,1469.0,121.0,443.0
15-09-2025,Ladakh,4,31.0,0.0,4.0
15-09-2025,Lakshadweep,4,8.0,0.0,4.0
15-09-2025,Madhya Pradesh,2534,10660.0,1023.0,1511.0
15-09-2025,Maharashtra,2326,45654.0,833.0,1493.0
15-09-2025,Manipur,164,747.0,46.0,118.0
15-09-2025,Meghalaya,109,215.0,189.0,-80.0
15-09-2025,Mizoram,44,423.0,11.0,33.0
15-09-2025,Nagaland,40,90.0,48.0,-8.0
15-09-2025,Odisha,1362,5850.0,315.0,1047.0
15-09-2025,Orissa,25,55.0,3.0,22.0
15-09-2025,Pondicherry,15,62.0,2.0,13.0
15-09-2025,Puducherry,57,214.0,1.0,56.0
15-09-2025,Punjab,440,2011.0,79.0,361.0
15-09-2025,Rajasthan,2114,25926.0,1046.0,1068.0
15-09-2025,Sikkim,24,15.0,10.0,14.0
15-09-2025,Tamil Nadu,2619,3816.0,304.0,2315.0
15-09-2025,Telangana,1359,3756.0,215.0,1144.0
15-09-2025,Tripura,116,218.0,21.0,95.0
15-09-2025,Uttar Pradesh,9594,41024.0,2765.0,6829.0
15-09-2025,Uttarakhand,335,1219.0,43.0,292.0
15-09-2025,WESTBENGAL,0,0.0,0.0,0.0
15-09-2025,West Bengal,2289,4765.0,738.0,1551.0
15-09-2025,Westbengal,0,0.0,0.0,0.0
15-09-2025,andhra pradesh,0,1.0,0.0,0.0
15-10-2025,Andaman & Nicobar Islands,0,2.0,0.0,0.0
15-10-2025,Andaman and Nicobar Islands,13,64.0,0.0,13.0
15-10-2025,Andhra Pradesh,2391,2992.0,134.0,2257.0
15-10-2025,Arunachal Pradesh,103,81.0,25.0,78.0
15-10-2025,Assam,927,919.0,397.0,530.0
15-10-2025,Bihar,6570,5241.0,3824.0,2746.0
15-10-2025,Chandigarh,58,23.0,5.0,53.0
15-10-2025,Chhatisgarh,0,0.0,0.0,0.0
15-10-2025,Chhattisgarh,1182,2004.0,162.0,1020.0
15-10-2025,Dadra & Nagar Haveli,4,0.0,0.0,4.0
15-10-2025,Dadra and Nagar Haveli,6,8.0,0.0,6.0
15-10-2025,Dadra and Nagar Haveli and Daman and Diu,7,2.0,0.0,7.0
15-10-2025,Daman & Diu,1,1.0,0.0,1.0
15-10-2025,Daman and Diu,3,12.0,0.0,3.0
15-10-2025,Delhi,660,521.0,119.0,541.0
15-10-2025,Goa,29,32.0,5.0,24.0
15-10-2025,Gujarat,2094,3268.0,380.0,1714.0
15-10-2025,Haryana,962,2922.0,60.0,902.0
15-10-2025,Himachal Pradesh,188,1847.0,8.0,180.0
15-10-2025,Jammu & Kashmir,0,0.0,0.0,0.0
15-10-2025,Jammu and Kashmir,357,2384.0,82.0,275.0
15-10-2025,Jharkhand,1028,3566.0,565.0,463.0
15-10-2025,Karnataka,1932,3049.0,260.0,1672.0
15-10-2025,Kerala,794,937.0,153.0,641.0
15-10-2025,Ladakh,8,22.0,2.0,6.0
15-10-2025,Lakshadweep,6,13.0,1.0,5.0
15-10-2025,Madhya Pradesh,2799,9011.0,746.0,2053.0
15-10-2025,Maharashtra,2991,13863.0,666.0,2325.0
15-10-2025,Manipur,318,924.0,106.0,212.0
15-10-2025,Meghalaya,53,99.0,91.0,-38.0
15-10-2025,Mizoram,44,127.0,8.0,36.0
15-10-2025,Nagaland,122,213.0,69.0,53.0
15-10-2025,Odisha,1803,4555.0,316.0,1487.0
15-10-2025,Orissa,23,21.0,4.0,19.0
15-10-2025,Pondicherry,13,28.0,0.0,13.0
15-10-2025,Puducherry,50,77.0,1.0,49.0
15-10-2025,Punjab,344,2001.0,85.0,259.0
15-10-2025,Rajasthan,1835,9049.0,910.0,925.0
15-10-2025,Sikkim,22,60.0,10.0,12.0
15-10-2025,Tamil Nadu,4213,6748.0,336.0,3877.0
15-10-2025,Telangana,2395,3619.0,215.0,2180.0
15-10-2025,Tripura,92,255.0,19.0,73.0
15-10-2025,Uttar Pradesh,8554,26413.0,3260.0,5294.0
15-10-2025,Uttarakhand,384,1687.0,60.0,324.0
15-10-2025,WEST BENGAL,0,0.0,0.0,0.0
15-10-2025,WESTBENGAL,0,0.0,0.0,0.0
15-10-2025,West  Bengal,0,0.0,0.0,0.0
15-10-2025,West Bengal,2115,2795.0,691.0,1424.0
15-10-2025,West bengal,0,0.0,0.0,0.0
15-10-2025,odisha,0,0.0,0.0,0.0
15-11-2025,Andaman & Nicobar Islands,0,0.0,0.0,0.0
15-11-2025,Andaman and Nicobar Islands,5,12.0,0.0,5.0
15-11-2025,Andhra Pradesh,2837,7075.0,325.0,2512.0
15-11-2025,Arunachal Pradesh,55,173.0,37.0,18.0
15-11-2025,Assam,644,1948.0,1220.0,-576.0
15-11-2025,Bihar,3127,3342.0,6064.0,-2937.0
15-11-2025,Chandigarh,27,58.0,1.0,26.0
15-11-2025,Chhattisgarh,851,1913.0,548.0,303.0
15-11-2025,Dadra & Nagar Haveli,0,0.0,0.0,0.0
15-11-2025,Dadra and Nagar Haveli,13,20.0,3.0,10.0
15-11-2025,Dadra and Nagar Haveli and Daman and Diu,6,1.0,0.0,6.0
15-11-2025,Daman & Diu,0,2.0,0.0,0.0
15-11-2025,Daman and Diu,1,14.0,0.0,1.0
15-11-2025,Delhi,394,1133.0,213.0,181.0
15-11-2025,Goa,17,164.0,2.0,15.0
15-11-2025,Gujarat,1213,3351.0,931.0,282.0
15-11-2025,Haryana,597,2123.0,253.0,344.0
15-11-2025,Himachal Pradesh,173,743.0,16.0,157.0
15-11-2025,Jammu & Kashmir,0,0.0,0.0,0.0
15-11-2025,Jammu and Kashmir,262,2513.0,304.0,-42.0
15-11-2025,Jharkhand,782,1393.0,2208.0,-1426.0
15-11-2025,Karnataka,1387,4377.0,432.0,955.0
15-11-2025,Kerala,726,2865.0,494.0,232.0
15-11-2025,Ladakh,7,4.0,3.0,4.0
15-11-2025,Lakshadweep,5,9.0,0.0,5.0
15-11-2025,Madhya Pradesh,1321,3648.0,1662.0,-341.0
15-11-2025,Maharashtra,2060,16462.0,1088.0,972.0
15-11-2025,Manipur,1386,1259.0,124.0,1262.0
15-11-2025,Meghalaya,20,49.0,102.0,-82.0
15-11-2025,Mizoram,21,78.0,15.0,6.0
15-11-2025,Nagaland,30,139.0,42.0,-12.0
15-11-2025,Odisha,1556,4632.0,206.0,1350.0
15-11-2025,Orissa,25,37.0,4.0,21.0
15-11-2025,Pondicherry,7,25.0,0.0,7.0
15-11-2025,Puducherry,66,118.0,1.0,65.0
15-11-2025,Punjab,371,3132.0,102.0,269.0
15-11-2025,Rajasthan,1904,4271.0,1897.0,7.0
15-11-2025,Sikkim,26,26.0,13.0,13.0
15-11-2025,Tamil Nadu,4154,13155.0,529.0,3625.0
15-11-2025,Telangana,2314,5646.0,350.0,1964.0
15-11-2025,Tripura,129,625.0,92.0,37.0
15-11-2025,Uttar Pradesh,4189,17693.0,6093.0,-1904.0
15-11-2025,Uttarakhand,163,1252.0,99.0,64.0
15-11-2025,West  Bengal,0,0.0,0.0,0.0
15-11-2025,West Bangal,0,0.0,0.0,0.0
15-11-2025,West Bengal,1174,2441.0,1163.0,11.0
15-11-2025,West bengal,0,0.0,0.0,0.0
15-11-2025,Westbengal,0,0.0,0.0,0.0
15-12-2025,Andaman & Nicobar Islands,1,3.0,0.0,1.0
15-12-2025,Andaman and Nicobar Islands,3,58.0,0.0,3.0
15-12-2025,Andhra Pradesh,1671,3501.0,296.0,1375.0
15-12-2025,Arunachal Pradesh,15,8.0,4.0,11.0
15-12-2025,Assam,744,1001.0,656.0,88.0
15-12-2025,Bihar,2190,2662.0,6863.0,-4673.0
15-12-2025,Chandigarh,17,66.0,3.0,14.0
15-12-2025,Chhattisgarh,903,5949.0,481.0,422.0
15-12-2025,Dadra and Nagar Haveli,8,13.0,1.0,7.0
15-12-2025,Dadra and Nagar Haveli and Daman and Diu,1,0.0,0.0,1.0
15-12-2025,Daman & Diu,0,0.0,0.0,0.0
15-12-2025,Daman and Diu,0,0.0,1.0,-1.0
15-12-2025,Delhi,312,1211.0,178.0,134.0
15-12-2025,Goa,23,100.0,2.0,21.0
15-12-2025,Gujarat,1035,3442.0,480.0,555.0
15-12-2025,Haryana,410,3355.0,110.0,300.0
15-12-2025,Himachal Pradesh,142,609.0,15.0,127.0
15-12-2025,Jammu & Kashmir,0,0.0,0.0,0.0
15-12-2025,Jammu and Kashmir,365,1937.0,165.0,200.0
15-12-2025,Jharkhand,561,2092.0,879.0,-318.0
15-12-2025,Karnataka,548,2965.0,456.0,92.0
15-12-2025,Kerala,139,454.0,157.0,-18.0
15-12-2025,Ladakh,4,6.0,0.0,4.0
15-12-2025,Lakshadweep,0,0.0,0.0,0.0
15-12-2025,Madhya Pradesh,556,4520.0,657.0,-101.0
15-12-2025,Maharashtra,1109,7703.0,591.0,518.0
15-12-2025,Manipur,151,116.0,44.0,107.0
15-12-2025,Meghalaya,72,68.0,40.0,32.0
15-12-2025,Mizoram,12,51.0,5.0,7.0
15-12-2025,Nagaland,26,91.0,19.0,7.0
15-12-2025,Odisha,727,1850.0,192.0,535.0
15-12-2025,Orissa,17,19.0,7.0,10.0
15-12-2025,Pondicherry,1,2.0,2.0,-1.0
15-12-2025,Puducherry,6,17.0,1.0,5.0
15-12-2025,Punjab,196,1452.0,109.0,87.0
15-12-2025,Rajasthan,1620,5459.0,2231.0,-611.0
15-12-2025,Sikkim,5,9.0,7.0,-2.0
15-12-2025,Tamil Nadu,1715,5020.0,877.0,838.0
15-12-2025,Telangana,1186,2806.0,307.0,879.0
15-12-2025,Tripura,230,436.0,91.0,139.0
15-12-2025,Uttar Pradesh,6906,28874.0,9490.0,-2584.0
15-12-2025,Uttarakhand,429,6364.0,117.0,312.0
15-12-2025,WEST BENGAL,0,0.0,0.0,0.0
15-12-2025,West  Bengal,0,0.0,0.0,0.0
15-12-2025,West Bangal,0,0.0,0.0,0.0
15-12-2025,West Bengal,2748,3362.0,1580.0,1168.0
15-12-2025,West bengal,0,0.0,0.0,0.0
15-12-2025,Westbengal,0,0.0,0.0,0.0
15-12-2025,andhra pradesh,0,0.0,0.0,0.0
15-12-2025,west Bengal,0,0.0,0.0,0.0
16-09-2025,Andaman & Nicobar Islands,1,2.0,0.0,1.0
16-09-2025,Andaman and Nicobar Islands,5,83.0,0.0,5.0
16-09-2025,Andhra Pradesh,1605,3439.0,203.0,1402.0
16-09-2025,Arunachal Pradesh,97,327.0,45.0,52.0
16-09-2025,Assam,786,2565.0,389.0,397.0
16-09-2025,Bihar,2925,6318.0,2385.0,540.0
16-09-2025,Chandigarh,31,102.0,3.0,28.0
16-09-2025,Chhattisgarh,989,3021.0,220.0,769.0
16-09-2025,Dadra & Nagar Haveli,0,1.0,0.0,0.0
16-09-2025,Dadra and Nagar Haveli,64,224.0,1.0,63.0
16-09-2025,Dadra and Nagar Haveli and Daman and Diu,2,3.0,0.0,2.0
16-09-2025,Daman & Diu,0,0.0,0.0,0.0
16-09-2025,Daman and Diu,4,35.0,0.0,4.0
16-09-2025,Delhi,875,2787.0,178.0,697.0
16-09-2025,Goa,50,96.0,5.0,45.0
16-09-2025,Gujarat,2103,7138.0,620.0,1483.0
16-09-2025,Haryana,901,3999.0,103.0,798.0
16-09-2025,Himachal Pradesh,171,573.0,3.0,168.0
16-09-2025,Jammu & Kashmir,0,1.0,0.0,0.0
16-09-2025,Jammu and Kashmir,241,1376.0,59.0,182.0
16-09-2025,Jharkhand,877,3701.0,528.0,349.0
16-09-2025,Karnataka,730,2746.0,151.0,579.0
16-09-2025,Kerala,435,1500.0,136.0,299.0
16-09-2025,Ladakh,2,41.0,4.0,-2.0
16-09-2025,Lakshadweep,2,5.0,0.0,2.0
16-09-2025,Madhya Pradesh,2424,13706.0,1604.0,820.0
16-09-2025,Maharashtra,2963,62946.0,1350.0,1613.0
16-09-2025,Manipur,210,459.0,46.0,164.0
16-09-2025,Meghalaya,96,155.0,153.0,-57.0
16-09-2025,Mizoram,58,277.0,16.0,42.0
16-09-2025,Nagaland,19,126.0,54.0,-35.0
16-09-2025,ODISHA,0,0.0,0.0,0.0
16-09-2025,Odisha,1081,4815.0,344.0,737.0
16-09-2025,Orissa,19,48.0,5.0,14.0
16-09-2025,Pondicherry,13,56.0,0.0,13.0
16-09-2025,Puducherry,93,161.0,0.0,93.0
16-09-2025,Punjab,499,2598.0,115.0,384.0
16-09-2025,Rajasthan,2045,28788.0,1543.0,502.0
16-09-2025,Sikkim,17,23.0,12.0,5.0
16-09-2025,Tamil Nadu,2847,5792.0,432.0,2415.0
16-09-2025,Telangana,1664,5678.0,337.0,1327.0
16-09-2025,Tripura,118,475.0,40.0,78.0
16-09-2025,Uttar Pradesh,9596,61960.0,4911.0,4685.0
16-09-2025,Uttarakhand,336,1969.0,73.0,263.0
16-09-2025,WEST BENGAL,0,1.0,0.0,0.0
16-09-2025,West  Bengal,0,0.0,0.0,0.0
16-09-2025,West Bangal,0,0.0,0.0,0.0
16-09-2025,West Bengal,1997,5159.0,771.0,1226.0
16-09-2025,west Bengal,0,0.0,0.0,0.0
16-10-2025,Andaman & Nicobar Islands,0,2.0,0.0,0.0
16-10-2025,Andaman and Nicobar Islands,0,59.0,1.0,-1.0
16-10-2025,Andhra Pradesh,2044,2468.0,79.0,1965.0
16-10-2025,Arunachal Pradesh,91,101.0,23.0,68.0
16-10-2025,Assam,902,1645.0,299.0,603.0
16-10-2025,Bihar,5996,5922.0,1940.0,4056.0
16-10-2025,Chandigarh,49,69.0,1.0,48.0
16-10-2025,Chhattisgarh,1463,2917.0,80.0,1383.0
16-10-2025,Dadra & Nagar Haveli,4,0.0,0.0,4.0
16-10-2025,Dadra and Nagar Haveli,72,45.0,1.0,71.0
16-10-2025,Dadra and Nagar Haveli and Daman and Diu,8,3.0,0.0,8.0
16-10-2025,Daman & Diu,1,0.0,0.0,1.0
16-10-2025,Daman and Diu,7,17.0,0.0,7.0
16-10-2025,Delhi,798,1475.0,61.0,737.0
16-10-2025,Goa,46,128.0,1.0,45.0
16-10-2025,Gujarat,2672,3521.0,185.0,2487.0
16-10-2025,Haryana,1075,4478.0,36.0,1039.0
16-10-2025,Himachal Pradesh,221,2376.0,4.0,217.0
16-10-2025,Jammu & Kashmir,0,0.0,0.0,0.0
16-10-2025,Jammu and Kashmir,482,2930.0,71.0,411.0
16-10-2025,Jharkhand,1281,4755.0,449.0,832.0
16-10-2025,Karnataka,2763,4634.0,183.0,2580.0
16-10-2025,Kerala,1131,1138.0,170.0,961.0
16-10-2025,Ladakh,8,15.0,1.0,7.0
16-10-2025,Lakshadweep,5,18.0,0.0,5.0
16-10-2025,Madhya Pradesh,3633,9457.0,488.0,3145.0
16-10-2025,Maharashtra,4499,13358.0,514.0,3985.0
16-10-2025,Manipur,431,698.0,70.0,361.0
16-10-2025,Meghalaya,136,177.0,123.0,13.0
16-10-2025,Mizoram,67,139.0,8.0,59.0
16-10-2025,Nagaland,139,288.0,77.0,62.0
16-10-2025,ODISHA,0,0.0,0.0,0.0
16-10-2025,Odisha,2416,3913.0,247.0,2169.0
16-10-2025,Orissa,47,37.0,3.0,44.0
16-10-2025,Pondicherry,15,24.0,0.0,15.0
16-10-2025,Puducherry,81,82.0,2.0,79.0
16-10-2025,Punjab,675,2421.0,72.0,603.0
16-10-2025,Rajasthan,2286,7050.0,718.0,1568.0
16-10-2025,Sikkim,27,81.0,10.0,17.0
16-10-2025,Tamil Nadu,3669,7396.0,317.0,3352.0
16-10-2025,Telangana,2377,5405.0,233.0,2144.0
16-10-2025,Tripura,89,316.0,26.0,63.0
16-10-2025,Uttar Pradesh,8042,29809.0,3378.0,4664.0
16-10-2025,Uttarakhand,471,1675.0,58.0,413.0
16-10-2025,WEST BENGAL,0,0.0,0.0,0.0
16-10-2025,WESTBENGAL,0,0.0,0.0,0.0
16-10-2025,West Bangal,0,0.0,0.0,0.0
16-10-2025,West Bengal,2835,2789.0,795.0,2040.0
16-10-2025,Westbengal,0,0.0,0.0,0.0
16-11-2025,Andaman & Nicobar Islands,0,0.0,0.0,0.0
16-11-2025,Andaman and Nicobar Islands,2,11.0,0.0,2.0
16-11-2025,Andhra Pradesh,2158,1596.0,103.0,2055.0
16-11-2025,Arunachal Pradesh,17,53.0,8.0,9.0
16-11-2025,Assam,317,911.0,379.0,-62.0
16-11-2025,Bihar,1122,7203.0,1541.0,-419.0
16-11-2025,Chandigarh,23,107.0,2.0,21.0
16-11-2025,Chhattisgarh,509,6398.0,189.0,320.0
16-11-2025,Dadra and Nagar Haveli,14,26.0,0.0,14.0
16-11-2025,Dadra and Nagar Haveli and Daman and Diu,2,6.0,2.0,0.0
16-11-2025,Daman & Diu,0,0.0,0.0,0.0
16-11-2025,Daman and Diu,0,0.0,0.0,0.0
16-11-2025,Delhi,336,2745.0,125.0,211.0
16-11-2025,Goa,22,74.0,1.0,21.0
16-11-2025,Gujarat,1265,1063.0,513.0,752.0
16-11-2025,Haryana,477,4259.0,74.0,403.0
16-11-2025,Himachal Pradesh,73,1097.0,7.0,66.0
16-11-2025,Jammu & Kashmir,0,0.0,0.0,0.0
16-11-2025,Jammu and Kashmir,289,1864.0,105.0,184.0
16-11-2025,Jharkhand,342,3124.0,627.0,-285.0
16-11-2025,Karnataka,512,1190.0,117.0,395.0
16-11-2025,Kerala,226,1341.0,95.0,131.0
16-11-2025,Ladakh,4,6.0,1.0,3.0
16-11-2025,Lakshadweep,2,7.0,0.0,2.0
16-11-2025,Madhya Pradesh,376,7022.0,328.0,48.0
16-11-2025,Maharashtra,619,6671.0,243.0,376.0
16-11-2025,Manipur,258,412.0,20.0,238.0
16-11-2025,Meghalaya,10,8.0,36.0,-26.0
16-11-2025,Mizoram,10,8.0,6.0,4.0
16-11-2025,Nagaland,16,40.0,22.0,-6.0
16-11-2025,Odisha,646,709.0,163.0,483.0
16-11-2025,Orissa,16,3.0,10.0,6.0
16-11-2025,Pondicherry,1,6.0,0.0,1.0
16-11-2025,Puducherry,16,57.0,3.0,13.0
16-11-2025,Punjab,167,743.0,89.0,78.0
16-11-2025,Rajasthan,496,7790.0,1309.0,-813.0
16-11-2025,Sikkim,0,8.0,15.0,-15.0
16-11-2025,Tamil Nadu,1788,3830.0,427.0,1361.0
16-11-2025,Telangana,1314,840.0,117.0,1197.0
16-11-2025,Tripura,16,179.0,40.0,-24.0
16-11-2025,Uttar Pradesh,1520,26621.0,2286.0,-766.0
16-11-2025,Uttarakhand,95,2359.0,17.0,78.0
16-11-2025,West  Bengal,0,0.0,0.0,0.0
16-11-2025,West Bengal,510,1027.0,379.0,131.0
16-11-2025,west Bengal,0,0.0,0.0,0.0
16-12-2025,Andaman & Nicobar Islands,0,2.0,0.0,0.0
16-12-2025,Andaman and Nicobar Islands,8,70.0,0.0,8.0
16-12-2025,Andhra Pradesh,2027,7497.0,0.0,2027.0
16-12-2025,Arunachal Pradesh,36,97.0,0.0,36.0
16-12-2025,Assam,628,3456.0,0.0,628.0
16-12-2025,Bihar,4721,13136.0,0.0,4721.0
16-12-2025,Chandigarh,36,137.0,0.0,36.0
16-12-2025,Chhattisgarh,1933,19837.0,0.0,1933.0
16-12-2025,Dadra & Nagar Haveli,0,0.0,0.0,0.0
16-12-2025,Dadra and Nagar Haveli,21,43.0,0.0,21.0
16-12-2025,Dadra and Nagar Haveli and Daman and Diu,5,3.0,0.0,5.0
16-12-2025,Daman & Diu,2,3.0,0.0,2.0
16-12-2025,Daman and Diu,6,16.0,0.0,6.0
16-12-2025,Darbhanga,0,0.0,0.0,0.0
16-12-2025,Delhi,532,3832.0,0.0,532.0
16-12-2025,Goa,12,343.0,0.0,12.0
16-12-2025,Gujarat,2128,10189.0,0.0,2128.0
16-12-2025,Haryana,689,6446.0,0.0,689.0
16-12-2025,Himachal Pradesh,191,1249.0,0.0,191.0
16-12-2025,Jammu & Kashmir,0,2.0,0.0,0.0
16-12-2025,Jammu and Kashmir,596,4929.0,0.0,596.0
16-12-2025,Jharkhand,1545,6009.0,0.0,1545.0
16-12-2025,Karnataka,1939,9980.0,0.0,1939.0
16-12-2025,Kerala,401,2972.0,0.0,401.0
16-12-2025,Ladakh,12,21.0,0.0,12.0
16-12-2025,Lakshadweep,4,5.0,0.0,4.0
16-12-2025,Madhya Pradesh,2194,17784.0,0.0,2194.0
16-12-2025,Maharashtra,2213,26110.0,0.0,2213.0
16-12-2025,Manipur,373,618.0,0.0,373.0
16-12-2025,Meghalaya,105,318.0,0.0,105.0
16-12-2025,Mizoram,19,155.0,0.0,19.0
16-12-2025,Nagaland,35,198.0,0.0,35.0
16-12-2025,Odisha,1122,8729.0,0.0,1122.0
16-12-2025,Orissa,18,84.0,0.0,18.0
16-12-2025,Pondicherry,1,60.0,0.0,1.0
16-12-2025,Puducherry,36,174.0,0.0,36.0
16-12-2025,Punjab,414,6115.0,0.0,414.0
16-12-2025,Rajasthan,3506,16773.0,0.0,3506.0
16-12-2025,Sikkim,15,51.0,0.0,15.0
16-12-2025,Tamil Nadu,1971,13588.0,0.0,1971.0
16-12-2025,Telangana,1397,7937.0,0.0,1397.0
16-12-2025,Tripura,193,869.0,0.0,193.0
16-12-2025,Uttar Pradesh,8446,47587.0,0.0,8446.0
16-12-2025,Uttarakhand,416,11371.0,0.0,416.0
16-12-2025,WEST BENGAL,0,0.0,0.0,0.0
16-12-2025,WESTBENGAL,0,0.0,0.0,0.0
16-12-2025,West Bangal,0,2.0,0.0,0.0
16-12-2025,West Bengal,2088,9522.0,0.0,2088.0
16-12-2025,West bengal,0,0.0,0.0,0.0
16-12-2025,Westbengal,0,0.0,0.0,0.0
17-09-2025,Andaman & Nicobar Islands,0,0.0,0.0,0.0
17-09-2025,Andaman and Nicobar Islands,3,71.0,0.0,3.0
17-09-2025,Andhra Pradesh,1099,3117.0,125.0,974.0
17-09-2025,Arunachal Pradesh,39,124.0,11.0,28.0
17-09-2025,Assam,404,1472.0,257.0,147.0
17-09-2025,Bihar,1227,2597.0,966.0,261.0
17-09-2025,Chandigarh,20,56.0,1.0,19.0
17-09-2025,Chhattisgarh,513,2030.0,119.0,394.0
17-09-2025,Dadra & Nagar Haveli,0,2.0,0.0,0.0
17-09-2025,Dadra and Nagar Haveli,21,208.0,3.0,18.0
17-09-2025,Dadra and Nagar Haveli and Daman and Diu,2,0.0,0.0,2.0
17-09-2025,Daman & Diu,1,1.0,0.0,1.0
17-09-2025,Daman and Diu,3,41.0,0.0,3.0
17-09-2025,Delhi,451,2414.0,189.0,262.0
17-09-2025,Goa,17,106.0,2.0,15.0
17-09-2025,Gujarat,913,4980.0,533.0,380.0
17-09-2025,Haryana,544,3209.0,57.0,487.0
17-09-2025,Himachal Pradesh,182,1024.0,20.0,162.0
17-09-2025,Jammu & Kashmir,0,0.0,0.0,0.0
17-09-2025,Jammu and Kashmir,290,1830.0,85.0,205.0
17-09-2025,Jharkhand,540,1229.0,272.0,268.0
17-09-2025,Karnataka,1262,4936.0,255.0,1007.0
17-09-2025,Kerala,904,2088.0,194.0,710.0
17-09-2025,Ladakh,6,67.0,2.0,4.0
17-09-2025,Lakshadweep,3,11.0,0.0,3.0
17-09-2025,Madhya Pradesh,3332,13748.0,1800.0,1532.0
17-09-2025,Maharashtra,3376,61306.0,1297.0,2079.0
17-09-2025,Manipur,181,324.0,59.0,122.0
17-09-2025,Meghalaya,107,168.0,167.0,-60.0
17-09-2025,Mizoram,36,402.0,19.0,17.0
17-09-2025,Nagaland,29,253.0,43.0,-14.0
17-09-2025,Odisha,851,3254.0,258.0,593.0
17-09-2025,Orissa,22,35.0,4.0,18.0
17-09-2025,Pondicherry,9,23.0,2.0,7.0
17-09-2025,Puducherry,115,161.0,1.0,114.0
17-09-2025,Punjab,529,2547.0,114.0,415.0
17-09-2025,Rajasthan,2374,24552.0,1530.0,844.0
17-09-2025,Sikkim,7,16.0,9.0,-2.0
17-09-2025,Tamil Nadu,3320,5027.0,430.0,2890.0
17-09-2025,Telangana,1490,4329.0,260.0,1230.0
17-09-2025,Tripura,12,37.0,4.0,8.0
17-09-2025,Uttar Pradesh,11021,52715.0,4818.0,6203.0
17-09-2025,Uttarakhand,373,1888.0,64.0,309.0
17-09-2025,WEST BENGAL,0,0.0,0.0,0.0
17-09-2025,West Bangal,0,0.0,0.0,0.0
17-09-2025,West Bengal,1880,4294.0,776.0,1104.0
17-09-2025,andhra pradesh,0,0.0,0.0,0.0
17-10-2025,Andaman & Nicobar Islands,1,5.0,0.0,1.0
17-10-2025,Andaman and Nicobar Islands,3,50.0,1.0,2.0
17-10-2025,Andhra Pradesh,2263,5204.0,205.0,2058.0
17-10-2025,Arunachal Pradesh,94,332.0,42.0,52.0
17-10-2025,Assam,707,4386.0,566.0,141.0
17-10-2025,Bihar,3755,10264.0,8103.0,-4348.0
17-10-2025,Chandigarh,17,126.0,6.0,11.0
17-10-2025,Chhattisgarh,640,4663.0,434.0,206.0
17-10-2025,Dadra & Nagar Haveli,0,0.0,0.0,0.0
17-10-2025,Dadra and Nagar Haveli,20,43.0,2.0,18.0
17-10-2025,Dadra and Nagar Haveli and Daman and Diu,8,1.0,0.0,8.0
17-10-2025,Daman & Diu,1,2.0,0.0,1.0
17-10-2025,Daman and Diu,2,10.0,0.0,2.0
17-10-2025,Delhi,304,1590.0,264.0,40.0
17-10-2025,Goa,28,269.0,4.0,24.0
17-10-2025,Gujarat,1702,3949.0,516.0,1186.0
17-10-2025,Haryana,434,4291.0,133.0,301.0
17-10-2025,Himachal Pradesh,170,2310.0,17.0,153.0
17-10-2025,Jammu & Kashmir,0,0.0,0.0,0.0
17-10-2025,Jammu and Kashmir,252,4135.0,243.0,9.0
17-10-2025,Jharkhand,783,3371.0,1662.0,-879.0
17-10-2025,Karnataka,1299,4166.0,426.0,873.0
17-10-2025,Kerala,568,835.0,290.0,278.0
17-10-2025,Ladakh,0,12.0,1.0,-1.0
17-10-2025,Lakshadweep,6,10.0,0.0,6.0
17-10-2025,Madhya Pradesh,905,5119.0,1002.0,-97.0
17-10-2025,Maharashtra,1273,11317.0,798.0,475.0
17-10-2025,Manipur,192,1215.0,65.0,127.0
17-10-2025,Meghalaya,29,134.0,43.0,-14.0
17-10-2025,Mizoram,30,139.0,9.0,21.0
17-10-2025,Nagaland,35,151.0,17.0,18.0
17-10-2025,Odisha,858,4876.0,192.0,666.0
17-10-2025,Orissa,9,42.0,8.0,1.0
17-10-2025,Pondicherry,5,13.0,0.0,5.0
17-10-2025,Puducherry,10,78.0,0.0,10.0
17-10-2025,Punjab,232,2283.0,46.0,186.0
17-10-2025,Rajasthan,754,3020.0,782.0,-28.0
17-10-2025,Sikkim,8,42.0,6.0,2.0
17-10-2025,Tamil Nadu,1684,7216.0,391.0,1293.0
17-10-2025,Telangana,2758,7308.0,614.0,2144.0
17-10-2025,Tripura,91,345.0,66.0,25.0
17-10-2025,Uttar Pradesh,5216,18197.0,7624.0,-2408.0
17-10-2025,Uttarakhand,176,935.0,145.0,31.0
17-10-2025,WEST BENGAL,0,0.0,0.0,0.0
17-10-2025,West Bangal,0,0.0,0.0,0.0
17-10-2025,West Bengal,1353,2682.0,1097.0,256.0
17-10-2025,Westbengal,0,0.0,0.0,0.0
17-11-2025,Andaman & Nicobar Islands,0,2.0,0.0,0.0
17-11-2025,Andaman and Nicobar Islands,2,35.0,0.0,2.0
17-11-2025,Andhra Pradesh,1787,5150.0,92.0,1695.0
17-11-2025,Arunachal Pradesh,49,183.0,6.0,43.0
17-11-2025,Assam,597,1097.0,109.0,488.0
17-11-2025,Bihar,2532,6533.0,933.0,1599.0
17-11-2025,Chandigarh,30,106.0,2.0,28.0
17-11-2025,Chhattisgarh,918,4737.0,101.0,817.0
17-11-2025,Dadra and Nagar Haveli,5,30.0,0.0,5.0
17-11-2025,Dadra and Nagar Haveli and Daman and Diu,0,1.0,0.0,0.0
17-11-2025,Daman & Diu,0,3.0,0.0,0.0
17-11-2025,Daman and Diu,1,11.0,0.0,1.0
17-11-2025,Delhi,406,2257.0,96.0,310.0
17-11-2025,Goa,17,132.0,0.0,17.0
17-11-2025,Gujarat,1136,2336.0,230.0,906.0
17-11-2025,Haryana,486,3286.0,25.0,461.0
17-11-2025,Himachal Pradesh,118,1239.0,4.0,114.0
17-11-2025,Jammu & Kashmir,0,0.0,0.0,0.0
17-11-2025,Jammu and Kashmir,270,1853.0,36.0,234.0
17-11-2025,Jharkhand,722,2756.0,197.0,525.0
17-11-2025,Karnataka,754,1952.0,131.0,623.0
17-11-2025,Kerala,379,587.0,52.0,327.0
17-11-2025,Ladakh,6,3.0,0.0,6.0
17-11-2025,Lakshadweep,2,3.0,0.0,2.0
17-11-2025,Madhya Pradesh,988,8908.0,310.0,678.0
17-11-2025,Maharashtra,1790,9766.0,209.0,1581.0
17-11-2025,Manipur,915,518.0,31.0,884.0
17-11-2025,Meghalaya,78,34.0,30.0,48.0
17-11-2025,Mizoram,53,79.0,5.0,48.0
17-11-2025,Nagaland,44,85.0,16.0,28.0
17-11-2025,ODISHA,0,0.0,0.0,0.0
17-11-2025,Odisha,1537,3111.0,91.0,1446.0
17-11-2025,Orissa,23,30.0,3.0,20.0
17-11-2025,Pondicherry,6,17.0,1.0,5.0
17-11-2025,Puducherry,35,64.0,0.0,35.0
17-11-2025,Punjab,330,862.0,74.0,256.0
17-11-2025,Rajasthan,1103,5707.0,361.0,742.0
17-11-2025,Sikkim,3,6.0,0.0,3.0
17-11-2025,Tamil Nadu,2570,5141.0,212.0,2358.0
17-11-2025,Telangana,670,2038.0,69.0,601.0
17-11-2025,Tripura,92,336.0,18.0,74.0
17-11-2025,Uttar Pradesh,2812,27525.0,1264.0,1548.0
17-11-2025,Uttarakhand,106,2582.0,14.0,92.0
17-11-2025,West Bangal,0,0.0,0.0,0.0
17-11-2025,West Bengal,1178,1267.0,222.0,956.0
17-11-2025,Westbengal,0,0.0,0.0,0.0
18-09-2025,Andaman & Nicobar Islands,2,5.0,0.0,2.0
18-09-2025,Andaman and Nicobar Islands,7,138.0,0.0,7.0
18-09-2025,Andhra Pradesh,1636,4270.0,188.0,1448.0
18-09-2025,Arunachal Pradesh,127,267.0,11.0,116.0
18-09-2025,Assam,1243,3304.0,485.0,758.0
18-09-2025,Bihar,4148,6609.0,2425.0,1723.0
18-09-2025,Chandigarh,37,106.0,3.0,34.0
18-09-2025,Chhattisgarh,903,3019.0,162.0,741.0
18-09-2025,Dadra & Nagar Haveli,0,0.0,0.0,0.0
18-09-2025,Dadra and Nagar Haveli,7,40.0,1.0,6.0
18-09-2025,Dadra and Nagar Haveli and Daman and Diu,2,1.0,0.0,2.0
18-09-2025,Daman & Diu,0,6.0,0.0,0.0
18-09-2025,Daman and Diu,2,31.0,0.0,2.0
18-09-2025,Delhi,695,2416.0,158.0,537.0
18-09-2025,Goa,25,103.0,5.0,20.0
18-09-2025,Gujarat,1085,6132.0,489.0,596.0
18-09-2025,Haryana,487,3293.0,60.0,427.0
18-09-2025,Himachal Pradesh,180,931.0,5.0,175.0
18-09-2025,Jammu & Kashmir,0,0.0,0.0,0.0
18-09-2025,Jammu and Kashmir,211,1372.0,86.0,125.0
18-09-2025,Jharkhand,1067,5005.0,770.0,297.0
18-09-2025,Karnataka,1304,5069.0,227.0,1077.0
18-09-2025,Kerala,774,2207.0,164.0,610.0
18-09-2025,Ladakh,3,58.0,3.0,0.0
18-09-2025,Lakshadweep,3,5.0,1.0,2.0
18-09-2025,Madhya Pradesh,2406,13310.0,1478.0,928.0
18-09-2025,Maharashtra,2958,69724.0,1360.0,1598.0
18-09-2025,Manipur,223,383.0,66.0,157.0
18-09-2025,Meghalaya,54,57.0,67.0,-13.0
18-09-2025,Mizoram,43,418.0,10.0,33.0
18-09-2025,Nagaland,21,208.0,70.0,-49.0
18-09-2025,Odisha,1110,6058.0,359.0,751.0
18-09-2025,Orissa,25,70.0,7.0,18.0
18-09-2025,Pondicherry,11,45.0,0.0,11.0
18-09-2025,Puducherry,80,249.0,1.0,79.0
18-09-2025,Punjab,535,2927.0,132.0,403.0
18-09-2025,Rajasthan,2160,28823.0,1979.0,181.0
18-09-2025,Sikkim,23,30.0,18.0,5.0
18-09-2025,Tamil Nadu,3157,6954.0,523.0,2634.0
18-09-2025,Telangana,789,4209.0,180.0,609.0
18-09-2025,Tripura,60,179.0,27.0,33.0
18-09-2025,Uttar Pradesh,10678,51397.0,3588.0,7090.0
18-09-2025,Uttarakhand,353,1794.0,56.0,297.0
18-09-2025,WESTBENGAL,0,0.0,0.0,0.0
18-09-2025,West  Bengal,0,0.0,0.0,0.0
18-09-2025,West Bangal,0,0.0,0.0,0.0
18-09-2025,West Bengal,2433,4859.0,848.0,1585.0
18-09-2025,West bengal,0,0.0,0.0,0.0
18-09-2025,odisha,0,0.0,0.0,0.0
18-10-2025,Andaman & Nicobar Islands,0,1.0,0.0,0.0
18-10-2025,Andaman and Nicobar Islands,2,16.0,0.0,2.0
18-10-2025,Andhra Pradesh,1554,1768.0,61.0,1493.0
18-10-2025,Arunachal Pradesh,27,21.0,6.0,21.0
18-10-2025,Assam,388,1620.0,196.0,192.0
18-10-2025,Bihar,2093,4595.0,1702.0,391.0
18-10-2025,Chandigarh,19,51.0,2.0,17.0
18-10-2025,Chhattisgarh,339,1719.0,61.0,278.0
18-10-2025,Dadra and Nagar Haveli and Daman and Diu,2,1.0,0.0,2.0
18-10-2025,Daman and Diu,0,1.0,0.0,0.0
18-10-2025,Delhi,127,411.0,31.0,96.0
18-10-2025,Goa,6,79.0,0.0,6.0
18-10-2025,Gujarat,233,632.0,51.0,182.0
18-10-2025,Haryana,175,1088.0,21.0,154.0
18-10-2025,Himachal Pradesh,50,755.0,1.0,49.0
18-10-2025,Jammu & Kashmir,0,1.0,0.0,0.0
18-10-2025,Jammu and Kashmir,129,1429.0,37.0,92.0
18-10-2025,Jharkhand,274,1450.0,230.0,44.0
18-10-2025,Karnataka,749,1722.0,86.0,663.0
18-10-2025,Kerala,498,1286.0,109.0,389.0
18-10-2025,Ladakh,5,20.0,0.0,5.0
18-10-2025,Lakshadweep,1,1.0,0.0,1.0
18-10-2025,Madhya Pradesh,1249,7290.0,415.0,834.0
18-10-2025,Maharashtra,1177,8486.0,332.0,845.0
18-10-2025,Manipur,167,1065.0,59.0,108.0
18-10-2025,Meghalaya,41,147.0,68.0,-27.0
18-10-2025,Mizoram,20,174.0,9.0,11.0
18-10-2025,Nagaland,39,135.0,20.0,19.0
18-10-2025,Odisha,640,3766.0,162.0,478.0
18-10-2025,Orissa,11,29.0,1.0,10.0
18-10-2025,Pondicherry,1,12.0,0.0,1.0
18-10-2025,Puducherry,3,36.0,0.0,3.0
18-10-2025,Punjab,101,1357.0,48.0,53.0
18-10-2025,Rajasthan,270,1637.0,211.0,59.0
18-10-2025,Sikkim,1,4.0,2.0,-1.0
18-10-2025,Tamil Nadu,769,3887.0,138.0,631.0
18-10-2025,Telangana,1025,4206.0,131.0,894.0
18-10-2025,Tripura,21,175.0,19.0,2.0
18-10-2025,Uttar Pradesh,2301,14257.0,1808.0,493.0
18-10-2025,Uttarakhand,135,639.0,26.0,109.0
18-10-2025,West Bengal,1507,3021.0,532.0,975.0
18-10-2025,West bengal,0,0.0,0.0,0.0
18-10-2025,Westbengal,0,0.0,0.0,0.0
18-11-2025,Andaman & Nicobar Islands,0,2.0,0.0,0.0
18-11-2025,Andaman and Nicobar Islands,7,47.0,0.0,7.0
18-11-2025,Andhra Pradesh,1836,17304.0,149.0,1687.0
18-11-2025,Arunachal Pradesh,17,169.0,12.0,5.0
18-11-2025,Assam,136,851.0,306.0,-170.0
18-11-2025,Bihar,1660,3889.0,2280.0,-620.0
18-11-2025,Chandigarh,32,91.0,3.0,29.0
18-11-2025,Chhattisgarh,905,2891.0,239.0,666.0
18-11-2025,Dadra & Nagar Haveli,0,0.0,1.0,-1.0
18-11-2025,Dadra and Nagar Haveli,1,8.0,0.0,1.0
18-11-2025,Dadra and Nagar Haveli and Daman and Diu,1,0.0,0.0,1.0
18-11-2025,Daman & Diu,0,3.0,0.0,0.0
18-11-2025,Daman and Diu,4,2.0,2.0,2.0
18-11-2025,Delhi,297,1321.0,155.0,142.0
18-11-2025,Goa,19,239.0,4.0,15.0
18-11-2025,Gujarat,1083,4422.0,600.0,483.0
18-11-2025,Haryana,701,3477.0,80.0,621.0
18-11-2025,Himachal Pradesh,187,1317.0,7.0,180.0
18-11-2025,Jammu & Kashmir,2,2.0,0.0,2.0
18-11-2025,Jammu and Kashmir,280,3931.0,147.0,133.0
18-11-2025,Jharkhand,1264,3543.0,577.0,687.0
18-11-2025,Karnataka,1106,7164.0,364.0,742.0
18-11-2025,Kerala,415,2811.0,498.0,-83.0
18-11-2025,Ladakh,18,12.0,1.0,17.0
18-11-2025,Lakshadweep,4,7.0,0.0,4.0
18-11-2025,Madhya Pradesh,1876,8173.0,829.0,1047.0
18-11-2025,Maharashtra,2439,18718.0,637.0,1802.0
18-11-2025,Manipur,631,1045.0,86.0,545.0
18-11-2025,Meghalaya,31,58.0,44.0,-13.0
18-11-2025,Mizoram,24,128.0,5.0,19.0
18-11-2025,Nagaland,15,219.0,17.0,-2.0
18-11-2025,ODISHA,2,0.0,0.0,2.0
18-11-2025,Odisha,1488,6858.0,192.0,1296.0
18-11-2025,Orissa,21,49.0,4.0,17.0
18-11-2025,Pondicherry,3,33.0,2.0,1.0
18-11-2025,Puducherry,25,203.0,1.0,24.0
18-11-2025,Punjab,214,4721.0,106.0,108.0
18-11-2025,Rajasthan,1377,8274.0,1108.0,269.0
18-11-2025,Sikkim,2,26.0,5.0,-3.0
18-11-2025,Tamil Nadu,2318,17219.0,750.0,1568.0
18-11-2025,Telangana,929,6446.0,330.0,599.0
18-11-2025,Tripura,64,842.0,45.0,19.0
18-11-2025,Uttar Pradesh,4159,32827.0,3966.0,193.0
18-11-2025,Uttarakhand,276,4003.0,72.0,204.0
18-11-2025,West Bangal,0,0.0,0.0,0.0
18-11-2025,West Bengal,1412,3899.0,936.0,476.0
18-11-2025,Westbengal,0,0.0,0.0,0.0
18-11-2025,andhra pradesh,0,0.0,0.0,0.0
18-12-2025,Andaman & Nicobar Islands,0,0.0,0.0,0.0
18-12-2025,Andaman and Nicobar Islands,1,0.0,0.0,1.0
18-12-2025,Andhra Pradesh,130,1586.0,0.0,130.0
18-12-2025,Arunachal Pradesh,3,5.0,0.0,3.0
18-12-2025,Assam,77,495.0,0.0,77.0
18-12-2025,Bihar,454,590.0,0.0,454.0
18-12-2025,Chandigarh,6,0.0,0.0,6.0
18-12-2025,Chhattisgarh,209,508.0,0.0,209.0
18-12-2025,Dadra and Nagar Haveli and Daman and Diu,1,0.0,0.0,1.0
18-12-2025,Daman & Diu,0,0.0,0.0,0.0
18-12-2025,Daman and Diu,2,2.0,0.0,2.0
18-12-2025,Delhi,51,214.0,0.0,51.0
18-12-2025,Goa,3,12.0,0.0,3.0
18-12-2025,Gujarat,106,518.0,0.0,106.0
18-12-2025,Haryana,57,298.0,0.0,57.0
18-12-2025,Himachal Pradesh,27,25.0,0.0,27.0
18-12-2025,Jammu and Kashmir,39,501.0,0.0,39.0
18-12-2025,Jharkhand,122,355.0,0.0,122.0
18-12-2025,Karnataka,69,1979.0,0.0,69.0
18-12-2025,Kerala,33,603.0,0.0,33.0
18-12-2025,Ladakh,1,0.0,0.0,1.0
18-12-2025,Lakshadweep,0,0.0,0.0,0.0
18-12-2025,Madhya Pradesh,245,1221.0,0.0,245.0
18-12-2025,Maharashtra,149,5777.0,0.0,149.0
18-12-2025,Manipur,33,67.0,0.0,33.0
18-12-2025,Meghalaya,8,28.0,0.0,8.0
18-12-2025,Mizoram,1,1.0,0.0,1.0
18-12-2025,Nagaland,0,9.0,0.0,0.0
18-12-2025,Odisha,80,537.0,0.0,80.0
18-12-2025,Orissa,0,7.0,0.0,0.0
18-12-2025,Pondicherry,1,5.0,0.0,1.0
18-12-2025,Puducherry,1,5.0,0.0,1.0
18-12-2025,Punjab,18,324.0,0.0,18.0
18-12-2025,Rajasthan,216,640.0,0.0,216.0
18-12-2025,Sikkim,1,2.0,0.0,1.0
18-12-2025,Tamil Nadu,110,2152.0,0.0,110.0
18-12-2025,Telangana,37,977.0,0.0,37.0
18-12-2025,Tripura,25,80.0,0.0,25.0
18-12-2025,Uttar Pradesh,617,1690.0,0.0,617.0
18-12-2025,Uttarakhand,33,273.0,0.0,33.0
18-12-2025,West Bengal,59,430.0,0.0,59.0
19-09-2025,Andaman & Nicobar Islands,0,1.0,0.0,0.0
19-09-2025,Andaman and Nicobar Islands,4,46.0,0.0,4.0
19-09-2025,Andhra Pradesh,1301,2966.0,112.0,1189.0
19-09-2025,Arunachal Pradesh,110,393.0,13.0,97.0
19-09-2025,Assam,967,3739.0,498.0,469.0
19-09-2025,Bihar,3888,8532.0,2899.0,989.0
19-09-2025,Chandigarh,46,101.0,2.0,44.0
19-09-2025,Chhattisgarh,756,2613.0,172.0,584.0
19-09-2025,Dadra & Nagar Haveli,0,0.0,0.0,0.0
19-09-2025,Dadra and Nagar Haveli,2,15.0,1.0,1.0
19-09-2025,Dadra and Nagar Haveli and Daman and Diu,4,3.0,0.0,4.0
19-09-2025,Daman & Diu,1,1.0,0.0,1.0
19-09-2025,Daman and Diu,3,33.0,0.0,3.0
19-09-2025,Delhi,518,2105.0,120.0,398.0
19-09-2025,Goa,30,87.0,3.0,27.0
19-09-2025,Gujarat,1239,6280.0,526.0,713.0
19-09-2025,Haryana,622,3712.0,70.0,552.0
19-09-2025,Himachal Pradesh,244,934.0,3.0,241.0
19-09-2025,Jammu & Kashmir,1,0.0,0.0,1.0
19-09-2025,Jammu and Kashmir,195,1250.0,83.0,112.0
19-09-2025,Jharkhand,557,2978.0,427.0,130.0
19-09-2025,Karnataka,677,3356.0,160.0,517.0
19-09-2025,Kerala,417,1604.0,105.0,312.0
19-09-2025,Ladakh,1,54.0,0.0,1.0
19-09-2025,Lakshadweep,2,4.0,0.0,2.0
19-09-2025,Madhya Pradesh,1193,5438.0,613.0,580.0
19-09-2025,Maharashtra,1890,56300.0,1050.0,840.0
19-09-2025,Manipur,137,444.0,35.0,102.0
19-09-2025,Meghalaya,86,182.0,150.0,-64.0
19-09-2025,Mizoram,38,308.0,8.0,30.0
19-09-2025,Nagaland,32,341.0,56.0,-24.0
19-09-2025,ODISHA,0,0.0,0.0,0.0
19-09-2025,Odisha,887,4722.0,358.0,529.0
19-09-2025,Orissa,14,49.0,5.0,9.0
19-09-2025,Pondicherry,20,40.0,0.0,20.0
19-09-2025,Puducherry,28,140.0,1.0,27.0
19-09-2025,Punjab,356,2262.0,95.0,261.0
19-09-2025,Rajasthan,1481,20814.0,1470.0,11.0
19-09-2025,Sikkim,22,21.0,17.0,5.0
19-09-2025,Tamil Nadu,2552,5959.0,384.0,2168.0
19-09-2025,Telangana,1065,4426.0,222.0,843.0
19-09-2025,Tripura,49,178.0,17.0,32.0
19-09-2025,Uttar Pradesh,9139,49983.0,3501.0,5638.0
19-09-2025,Uttarakhand,409,1794.0,60.0,349.0
19-09-2025,West  Bengal,0,0.0,0.0,0.0
19-09-2025,West Bengal,2818,5067.0,744.0,2074.0
19-09-2025,odisha,0,0.0,0.0,0.0
19-10-2025,Andaman & Nicobar Islands,1,2.0,0.0,1.0
19-10-2025,Andaman and Nicobar Islands,10,25.0,1.0,9.0
19-10-2025,Andhra Pradesh,2672,5572.0,96.0,2576.0
19-10-2025,Arunachal Pradesh,24,162.0,9.0,15.0
19-10-2025,Assam,282,2649.0,200.0,82.0
19-10-2025,Bihar,2283,5596.0,1762.0,521.0
19-10-2025,Chandigarh,16,39.0,2.0,14.0
19-10-2025,Chhattisgarh,384,2168.0,99.0,285.0
19-10-2025,Dadra and Nagar Haveli,1,6.0,0.0,1.0
19-10-2025,Dadra and Nagar Haveli and Daman and Diu,2,2.0,0.0,2.0
19-10-2025,Daman & Diu,1,0.0,0.0,1.0
19-10-2025,Daman and Diu,2,7.0,0.0,2.0
19-10-2025,Delhi,210,987.0,76.0,134.0
19-10-2025,Goa,21,100.0,0.0,21.0
19-10-2025,Gujarat,356,1838.0,150.0,206.0
19-10-2025,Haryana,539,2563.0,37.0,502.0
19-10-2025,Himachal Pradesh,96,869.0,7.0,89.0
19-10-2025,Jammu & Kashmir,1,0.0,0.0,1.0
19-10-2025,Jammu and Kashmir,297,2896.0,92.0,205.0
19-10-2025,Jharkhand,936,2422.0,465.0,471.0
19-10-2025,Karnataka,1535,5911.0,223.0,1312.0
19-10-2025,Kerala,976,3658.0,189.0,787.0
19-10-2025,Ladakh,4,10.0,0.0,4.0
19-10-2025,Lakshadweep,5,35.0,0.0,5.0
19-10-2025,Madhya Pradesh,2359,5149.0,408.0,1951.0
19-10-2025,Maharashtra,1753,16028.0,448.0,1305.0
19-10-2025,Manipur,427,1637.0,57.0,370.0
19-10-2025,Meghalaya,33,110.0,66.0,-33.0
19-10-2025,Mizoram,40,204.0,10.0,30.0
19-10-2025,Nagaland,109,413.0,109.0,0.0
19-10-2025,Odisha,1386,6319.0,245.0,1141.0
19-10-2025,Orissa,10,57.0,6.0,4.0
19-10-2025,Pondicherry,4,38.0,1.0,3.0
19-10-2025,Puducherry,39,141.0,2.0,37.0
19-10-2025,Punjab,228,2446.0,62.0,166.0
19-10-2025,Rajasthan,1391,3060.0,554.0,837.0
19-10-2025,Sikkim,13,42.0,4.0,9.0
19-10-2025,Tamil Nadu,2715,12150.0,260.0,2455.0
19-10-2025,Telangana,2766,6581.0,304.0,2462.0
19-10-2025,Tripura,52,345.0,18.0,34.0
19-10-2025,Uttar Pradesh,4831,18474.0,3511.0,1320.0
19-10-2025,Uttarakhand,233,899.0,33.0,200.0
19-10-2025,West Bengal,1357,5168.0,986.0,371.0
19-11-2025,Andaman & Nicobar Islands,0,0.0,0.0,0.0
19-11-2025,Andaman and Nicobar Islands,8,8.0,1.0,7.0
19-11-2025,Andhra Pradesh,2385,12588.0,285.0,2100.0
19-11-2025,Arunachal Pradesh,42,357.0,14.0,28.0
19-11-2025,Assam,449,1491.0,730.0,-281.0
19-11-2025,Bihar,3623,3492.0,4826.0,-1203.0
19-11-2025,Chandigarh,54,81.0,3.0,51.0
19-11-2025,Chhattisgarh,1425,2139.0,541.0,884.0
19-11-2025,Dadra and Nagar Haveli,5,11.0,2.0,3.0
19-11-2025,Dadra and Nagar Haveli and Daman and Diu,3,1.0,0.0,3.0
19-11-2025,Daman & Diu,0,9.0,0.0,0.0
19-11-2025,Daman and Diu,0,65.0,0.0,0.0
19-11-2025,Delhi,518,870.0,311.0,207.0
19-11-2025,Goa,23,169.0,2.0,21.0
19-11-2025,Gujarat,1136,9569.0,695.0,441.0
19-11-2025,Haryana,1086,1841.0,115.0,971.0
19-11-2025,Himachal Pradesh,246,530.0,8.0,238.0
19-11-2025,Jammu & Kashmir,2,0.0,0.0,2.0
19-11-2025,Jammu and Kashmir,318,1777.0,216.0,102.0
19-11-2025,Jharkhand,1437,1004.0,1060.0,377.0
19-11-2025,Karnataka,889,5000.0,397.0,492.0
19-11-2025,Kerala,351,1901.0,415.0,-64.0
19-11-2025,Ladakh,5,15.0,2.0,3.0
19-11-2025,Lakshadweep,1,4.0,1.0,0.0
19-11-2025,Madhya Pradesh,2105,3939.0,1442.0,663.0
19-11-2025,Maharashtra,2025,17590.0,802.0,1223.0
19-11-2025,Manipur,555,757.0,108.0,447.0
19-11-2025,Meghalaya,30,112.0,63.0,-33.0
19-11-2025,Mizoram,16,54.0,12.0,4.0
19-11-2025,Nagaland,13,95.0,24.0,-11.0
19-11-2025,Odisha,882,8111.0,405.0,477.0
19-11-2025,Orissa,13,68.0,6.0,7.0
19-11-2025,Pondicherry,4,27.0,2.0,2.0
19-11-2025,Puducherry,7,109.0,3.0,4.0
19-11-2025,Punjab,213,3382.0,161.0,52.0
19-11-2025,Rajasthan,2352,3540.0,2415.0,-63.0
19-11-2025,Sikkim,4,30.0,12.0,-8.0
19-11-2025,Tamil Nadu,2243,7897.0,776.0,1467.0
19-11-2025,Telangana,1117,6139.0,283.0,834.0
19-11-2025,Tripura,98,315.0,38.0,60.0
19-11-2025,Uttar Pradesh,5074,10738.0,3141.0,1933.0
19-11-2025,Uttarakhand,383,1676.0,63.0,320.0
19-11-2025,WEST BENGAL,0,0.0,0.0,0.0
19-11-2025,West Bengal,967,1641.0,532.0,435.0
19-11-2025,Westbengal,0,0.0,0.0,0.0
19-12-2025,Andaman & Nicobar Islands,0,0.0,0.0,0.0
19-12-2025,Andaman and Nicobar Islands,2,15.0,0.0,2.0
19-12-2025,Andhra Pradesh,2094,6987.0,0.0,2094.0
19-12-2025,Arunachal Pradesh,24,168.0,0.0,24.0
19-12-2025,Assam,767,3615.0,0.0,767.0
19-12-2025,Bihar,3295,11412.0,0.0,3295.0
19-12-2025,Chandigarh,33,68.0,0.0,33.0
19-12-2025,Chhattisgarh,1459,14246.0,0.0,1459.0
19-12-2025,Dadra & Nagar Haveli,6,0.0,0.0,6.0
19-12-2025,Dadra and Nagar Haveli,12,76.0,0.0,12.0
19-12-2025,Dadra and Nagar Haveli and Daman and Diu,5,0.0,0.0,5.0
19-12-2025,Daman & Diu,0,1.0,0.0,0.0
19-12-2025,Daman and Diu,0,14.0,0.0,0.0
19-12-2025,Delhi,437,3409.0,0.0,437.0
19-12-2025,Goa,24,81.0,0.0,24.0
19-12-2025,Gujarat,1469,12600.0,0.0,1469.0
19-12-2025,Haryana,581,5588.0,0.0,581.0
19-12-2025,Himachal Pradesh,211,1003.0,0.0,211.0
19-12-2025,Jammu & Kashmir,0,0.0,0.0,0.0
19-12-2025,Jammu and Kashmir,464,4197.0,0.0,464.0
19-12-2025,Jharkhand,1049,5001.0,0.0,1049.0
19-12-2025,Karnataka,1311,6497.0,0.0,1311.0
19-12-2025,Kerala,424,2452.0,0.0,424.0
19-12-2025,Ladakh,17,12.0,0.0,17.0
19-12-2025,Lakshadweep,3,4.0,0.0,3.0
19-12-2025,Madhya Pradesh,2840,15365.0,0.0,2840.0
19-12-2025,Maharashtra,2627,19573.0,0.0,2627.0
19-12-2025,Manipur,266,260.0,0.0,266.0
19-12-2025,Meghalaya,63,131.0,0.0,63.0
19-12-2025,Mizoram,20,48.0,0.0,20.0
19-12-2025,Nagaland,45,92.0,0.0,45.0
19-12-2025,Odisha,748,3616.0,0.0,748.0
19-12-2025,Orissa,18,45.0,0.0,18.0
19-12-2025,Pondicherry,4,63.0,0.0,4.0
19-12-2025,Puducherry,17,95.0,0.0,17.0
19-12-2025,Punjab,241,4317.0,0.0,241.0
19-12-2025,Puttenahalli,0,0.0,0.0,0.0
19-12-2025,Rajasthan,3024,14062.0,0.0,3024.0
19-12-2025,Sikkim,6,12.0,0.0,6.0
19-12-2025,Tamil Nadu,2045,15747.0,0.0,2045.0
19-12-2025,Telangana,1931,6848.0,0.0,1931.0
19-12-2025,Tripura,189,734.0,0.0,189.0
19-12-2025,Uttar Pradesh,5562,31631.0,0.0,5562.0
19-12-2025,Uttarakhand,225,3965.0,0.0,225.0
19-12-2025,Uttaranchal,0,0.0,0.0,0.0
19-12-2025,WEST BENGAL,0,0.0,0.0,0.0
19-12-2025,West  Bengal,0,0.0,0.0,0.0
19-12-2025,West Bangal,0,0.0,0.0,0.0
19-12-2025,West Bengal,1712,6136.0,0.0,1712.0
20-09-2025,Andaman & Nicobar Islands,0,1.0,0.0,0.0
20-09-2025,Andaman and Nicobar Islands,1,42.0,0.0,1.0
20-09-2025,Andhra Pradesh,1065,2337.0,95.0,970.0
20-09-2025,Arunachal Pradesh,43,261.0,10.0,33.0
20-09-2025,Assam,472,1547.0,195.0,277.0
20-09-2025,Bihar,2499,5397.0,1669.0,830.0
20-09-2025,Chandigarh,1,34.0,2.0,-1.0
20-09-2025,Chhattisgarh,569,1694.0,103.0,466.0
20-09-2025,Dadra and Nagar Haveli,5,103.0,1.0,4.0
20-09-2025,Dadra and Nagar Haveli and Daman and Diu,0,1.0,0.0,0.0
20-09-2025,Daman and Diu,2,17.0,0.0,2.0
20-09-2025,Delhi,413,2065.0,109.0,304.0
20-09-2025,Goa,4,43.0,0.0,4.0
20-09-2025,Gujarat,1002,4427.0,336.0,666.0
20-09-2025,Haryana,430,1989.0,22.0,408.0
20-09-2025,Himachal Pradesh,188,943.0,10.0,178.0
20-09-2025,Jammu & Kashmir,0,0.0,0.0,0.0
20-09-2025,Jammu and Kashmir,177,930.0,49.0,128.0
20-09-2025,Jharkhand,769,2779.0,444.0,325.0
20-09-2025,Karnataka,1517,6977.0,185.0,1332.0
20-09-2025,Kerala,1124,4379.0,289.0,835.0
20-09-2025,Ladakh,2,1.0,1.0,1.0
20-09-2025,Lakshadweep,0,6.0,0.0,0.0
20-09-2025,Madhya Pradesh,1551,8898.0,932.0,619.0
20-09-2025,Maharashtra,2504,52367.0,888.0,1616.0
20-09-2025,Manipur,236,680.0,67.0,169.0
20-09-2025,Meghalaya,27,41.0,36.0,-9.0
20-09-2025,Mizoram,41,344.0,5.0,36.0
20-09-2025,Nagaland,76,354.0,86.0,-10.0
20-09-2025,Odisha,924,4442.0,281.0,643.0
20-09-2025,Orissa,24,40.0,8.0,16.0
20-09-2025,Pondicherry,23,129.0,3.0,20.0
20-09-2025,Puducherry,79,392.0,1.0,78.0
20-09-2025,Punjab,416,2175.0,95.0,321.0
20-09-2025,Rajasthan,1474,14995.0,1019.0,455.0
20-09-2025,Sikkim,8,16.0,7.0,1.0
20-09-2025,Tamil Nadu,6514,10011.0,426.0,6088.0
20-09-2025,Telangana,1904,4216.0,175.0,1729.0
20-09-2025,Tripura,62,237.0,18.0,44.0
20-09-2025,Uttar Pradesh,9055,50988.0,3589.0,5466.0
20-09-2025,Uttarakhand,388,2110.0,55.0,333.0
20-09-2025,West  Bengal,0,0.0,0.0,0.0
20-09-2025,West Bengal,2714,5903.0,910.0,1804.0
20-09-2025,andhra pradesh,0,0.0,0.0,0.0
20-09-2025,odisha,0,0.0,0.0,0.0
20-10-2025,Andaman and Nicobar Islands,2,0.0,0.0,2.0
20-10-2025,Andhra Pradesh,1463,311.0,30.0,1433.0
20-10-2025,Arunachal Pradesh,12,13.0,6.0,6.0
20-10-2025,Assam,317,330.0,120.0,197.0
20-10-2025,Bihar,1149,476.0,1707.0,-558.0
20-10-2025,Chandigarh,10,1.0,0.0,10.0
20-10-2025,Chhattisgarh,146,86.0,25.0,121.0
20-10-2025,Dadra and Nagar Haveli,7,12.0,0.0,7.0
20-10-2025,Dadra and Nagar Haveli and Daman and Diu,0,0.0,0.0,0.0
20-10-2025,Daman & Diu,0,0.0,0.0,0.0
20-10-2025,Daman and Diu,0,0.0,0.0,0.0
20-10-2025,Delhi,115,55.0,27.0,88.0
20-10-2025,Goa,5,2.0,0.0,5.0
20-10-2025,Gujarat,435,132.0,24.0,411.0
20-10-2025,Haryana,175,60.0,12.0,163.0
20-10-2025,Himachal Pradesh,44,23.0,3.0,41.0
20-10-2025,Jammu and Kashmir,135,329.0,44.0,91.0
20-10-2025,Jharkhand,241,62.0,161.0,80.0
20-10-2025,Karnataka,1015,1112.0,51.0,964.0
20-10-2025,Kerala,374,331.0,68.0,306.0
20-10-2025,Ladakh,5,0.0,2.0,3.0
20-10-2025,Lakshadweep,2,10.0,0.0,2.0
20-10-2025,Madhya Pradesh,432,102.0,62.0,370.0
20-10-2025,Maharashtra,835,4276.0,158.0,677.0
20-10-2025,Manipur,219,342.0,33.0,186.0
20-10-2025,Meghalaya,5,4.0,17.0,-12.0
20-10-2025,Mizoram,23,27.0,3.0,20.0
20-10-2025,Nagaland,61,33.0,40.0,21.0
20-10-2025,Odisha,525,769.0,33.0,492.0
20-10-2025,Orissa,14,5.0,0.0,14.0
20-10-2025,Pondicherry,4,0.0,0.0,4.0
20-10-2025,Puducherry,21,12.0,0.0,21.0
20-10-2025,Punjab,82,50.0,10.0,72.0
20-10-2025,Rajasthan,303,177.0,116.0,187.0
20-10-2025,Sikkim,0,1.0,0.0,0.0
20-10-2025,Tamil Nadu,2965,606.0,96.0,2869.0
20-10-2025,Telangana,1463,219.0,67.0,1396.0
20-10-2025,Tripura,12,3.0,8.0,4.0
20-10-2025,Uttar Pradesh,1676,715.0,1084.0,592.0
20-10-2025,Uttarakhand,82,40.0,11.0,71.0
20-10-2025,West Bengal,641,465.0,411.0,230.0
20-10-2025,Westbengal,0,0.0,0.0,0.0
20-12-2025,100000,0,0.0,0.0,0.0
20-12-2025,Andaman & Nicobar Islands,0,2.0,0.0,0.0
20-12-2025,Andaman and Nicobar Islands,8,7.0,0.0,8.0
20-12-2025,Andhra Pradesh,1711,7065.0,0.0,1711.0
20-12-2025,Arunachal Pradesh,7,26.0,0.0,7.0
20-12-2025,Assam,603,1820.0,0.0,603.0
20-12-2025,Bihar,2954,5933.0,0.0,2954.0
20-12-2025,Chandigarh,31,44.0,0.0,31.0
20-12-2025,Chhattisgarh,1188,7041.0,0.0,1188.0
20-12-2025,Dadra & Nagar Haveli,0,0.0,0.0,0.0
20-12-2025,Dadra and Nagar Haveli,8,33.0,0.0,8.0
20-12-2025,Dadra and Nagar Haveli and Daman and Diu,1,3.0,0.0,1.0
20-12-2025,Daman & Diu,0,0.0,0.0,0.0
20-12-2025,Daman and Diu,1,24.0,0.0,1.0
20-12-2025,Delhi,494,2033.0,0.0,494.0
20-12-2025,Goa,18,33.0,0.0,18.0
20-12-2025,Gujarat,1169,11099.0,0.0,1169.0
20-12-2025,Haryana,635,2254.0,0.0,635.0
20-12-2025,Himachal Pradesh,174,488.0,0.0,174.0
20-12-2025,Jammu & Kashmir,1,0.0,0.0,1.0
20-12-2025,Jammu and Kashmir,374,1791.0,0.0,374.0
20-12-2025,Jharkhand,832,1657.0,0.0,832.0
20-12-2025,Karnataka,1115,4657.0,0.0,1115.0
20-12-2025,Kerala,456,2418.0,0.0,456.0
20-12-2025,Ladakh,11,6.0,0.0,11.0
20-12-2025,Lakshadweep,2,0.0,0.0,2.0
20-12-2025,Madhya Pradesh,2098,6862.0,0.0,2098.0
20-12-2025,Maharashtra,1602,7232.0,0.0,1602.0
20-12-2025,Manipur,238,168.0,0.0,238.0
20-12-2025,Meghalaya,27,34.0,0.0,27.0
20-12-2025,Mizoram,9,14.0,0.0,9.0
20-12-2025,Nagaland,26,32.0,0.0,26.0
20-12-2025,Odisha,1134,3203.0,0.0,1134.0
20-12-2025,Orissa,24,27.0,0.0,24.0
20-12-2025,Pondicherry,6,20.0,0.0,6.0
20-12-2025,Puducherry,15,72.0,0.0,15.0
20-12-2025,Punjab,182,1049.0,0.0,182.0
20-12-2025,Rajasthan,2211,5756.0,0.0,2211.0
20-12-2025,Sikkim,10,2.0,0.0,10.0
20-12-2025,Tamil Nadu,1273,5691.0,0.0,1273.0
20-12-2025,Telangana,1076,2254.0,0.0,1076.0
20-12-2025,Tripura,119,124.0,0.0,119.0
20-12-2025,Uttar Pradesh,5046,5353.0,0.0,5046.0
20-12-2025,Uttarakhand,214,871.0,0.0,214.0
20-12-2025,Uttaranchal,0,0.0,0.0,0.0
20-12-2025,WEST BENGAL,0,0.0,0.0,0.0
20-12-2025,West Bangal,0,0.0,0.0,0.0
20-12-2025,West Bengal,1519,2311.0,0.0,1519.0
20-12-2025,Westbengal,0,0.0,0.0,0.0
20-12-2025,andhra pradesh,0,0.0,0.0,0.0
21-10-2025,Andaman & Nicobar Islands,0,0.0,0.0,0.0
21-10-2025,Andaman and Nicobar Islands,6,4.0,0.0,6.0
21-10-2025,Andhra Pradesh,254,859.0,6.0,248.0
21-10-2025,Arunachal Pradesh,26,37.0,6.0,20.0
21-10-2025,Assam,140,327.0,69.0,71.0
21-10-2025,Bihar,1209,620.0,803.0,406.0
21-10-2025,Chandigarh,12,4.0,0.0,12.0
21-10-2025,Chhattisgarh,238,130.0,10.0,228.0
21-10-2025,Dadra and Nagar Haveli,3,5.0,1.0,2.0
21-10-2025,Dadra and Nagar Haveli and Daman and Diu,0,0.0,0.0,0.0
21-10-2025,Daman & Diu,0,0.0,0.0,0.0
21-10-2025,Daman and Diu,0,0.0,0.0,0.0
21-10-2025,Delhi,173,109.0,21.0,152.0
21-10-2025,Goa,7,9.0,0.0,7.0
21-10-2025,Gujarat,154,67.0,61.0,93.0
21-10-2025,Haryana,270,169.0,3.0,267.0
21-10-2025,Himachal Pradesh,53,34.0,0.0,53.0
21-10-2025,Jammu & Kashmir,0,0.0,0.0,0.0
21-10-2025,Jammu and Kashmir,78,159.0,16.0,62.0
21-10-2025,Jharkhand,302,143.0,66.0,236.0
21-10-2025,Karnataka,310,232.0,41.0,269.0
21-10-2025,Kerala,197,300.0,46.0,151.0
21-10-2025,Ladakh,0,4.0,0.0,0.0
21-10-2025,Lakshadweep,2,0.0,0.0,2.0
21-10-2025,Madhya Pradesh,693,328.0,53.0,640.0
21-10-2025,Maharashtra,419,2600.0,89.0,330.0
21-10-2025,Manipur,113,382.0,20.0,93.0
21-10-2025,Meghalaya,20,20.0,17.0,3.0
21-10-2025,Mizoram,21,26.0,3.0,18.0
21-10-2025,Nagaland,20,31.0,13.0,7.0
21-10-2025,Odisha,334,619.0,44.0,290.0
21-10-2025,Orissa,11,2.0,2.0,9.0
21-10-2025,Pondicherry,2,0.0,0.0,2.0
21-10-2025,Puducherry,17,5.0,0.0,17.0
21-10-2025,Punjab,83,130.0,25.0,58.0
21-10-2025,Rajasthan,341,154.0,47.0,294.0
21-10-2025,Sikkim,7,0.0,0.0,7.0
21-10-2025,Tamil Nadu,666,348.0,17.0,649.0
21-10-2025,Telangana,128,229.0,11.0,117.0
21-10-2025,Tripura,6,1.0,1.0,5.0
21-10-2025,Uttar Pradesh,1001,585.0,245.0,756.0
21-10-2025,Uttarakhand,64,32.0,1.0,63.0
21-10-2025,West Bengal,461,398.0,196.0,265.0
21-12-2025,Andaman & Nicobar Islands,0,0.0,0.0,0.0
21-12-2025,Andaman and Nicobar Islands,10,0.0,0.0,10.0
21-12-2025,Andhra Pradesh,1309,0.0,1.0,1308.0
21-12-2025,Arunachal Pradesh,7,0.0,0.0,7.0
21-12-2025,Assam,277,0.0,1.0,276.0
21-12-2025,Bihar,1024,0.0,12.0,1012.0
21-12-2025,Chandigarh,29,0.0,0.0,29.0
21-12-2025,Chhattisgarh,336,0.0,1.0,335.0
21-12-2025,Dadra and Nagar Haveli,6,0.0,0.0,6.0
21-12-2025,Dadra and Nagar Haveli and Daman and Diu,0,0.0,0.0,0.0
21-12-2025,Daman and Diu,3,0.0,0.0,3.0
21-12-2025,Delhi,305,0.0,2.0,303.0
21-12-2025,Goa,17,0.0,0.0,17.0
21-12-2025,Gujarat,950,0.0,4.0,946.0
21-12-2025,Haryana,393,0.0,1.0,392.0
21-12-2025,Himachal Pradesh,58,0.0,0.0,58.0
21-12-2025,Jammu and Kashmir,202,0.0,0.0,202.0
21-12-2025,Jharkhand,566,0.0,15.0,551.0
21-12-2025,Karnataka,1159,0.0,5.0,1154.0
21-12-2025,Kerala,324,0.0,0.0,324.0
21-12-2025,Ladakh,4,0.0,0.0,4.0
21-12-2025,Lakshadweep,1,0.0,0.0,1.0
21-12-2025,Madhya Pradesh,1684,0.0,4.0,1680.0
21-12-2025,Maharashtra,1645,0.0,10.0,1635.0
21-12-2025,Manipur,172,0.0,0.0,172.0
21-12-2025,Meghalaya,13,0.0,0.0,13.0
21-12-2025,Mizoram,11,0.0,0.0,11.0
21-12-2025,Nagaland,19,0.0,1.0,18.0
21-12-2025,Odisha,670,0.0,3.0,667.0
21-12-2025,Orissa,22,0.0,0.0,22.0
21-12-2025,Pondicherry,1,0.0,0.0,1.0
21-12-2025,Puducherry,23,0.0,0.0,23.0
21-12-2025,Punjab,169,0.0,0.0,169.0
21-12-2025,Rajasthan,1342,0.0,8.0,1334.0
21-12-2025,Sikkim,0,0.0,0.0,0.0
21-12-2025,Tamil Nadu,1358,0.0,1.0,1357.0
21-12-2025,Telangana,2170,0.0,2.0,2168.0
21-12-2025,Tripura,42,0.0,0.0,42.0
21-12-2025,Uttar Pradesh,4615,0.0,24.0,4591.0
21-12-2025,Uttarakhand,270,0.0,1.0,269.0
21-12-2025,WEST BENGAL,0,0.0,0.0,0.0
21-12-2025,WESTBENGAL,0,0.0,0.0,0.0
21-12-2025,West Bangal,2,0.0,0.0,2.0
21-12-2025,West Bengal,1958,0.0,11.0,1947.0
21-12-2025,Westbengal,0,0.0,0.0,0.0
22-10-2025,Andaman & Nicobar Islands,0,0.0,0.0,0.0
22-10-2025,Andhra Pradesh,90,6.0,0.0,90.0
22-10-2025,Arunachal Pradesh,5,1.0,0.0,5.0
22-10-2025,Assam,46,21.0,0.0,46.0
22-10-2025,Bihar,206,49.0,6.0,200.0
22-10-2025,Chandigarh,3,0.0,0.0,3.0
22-10-2025,Chhattisgarh,54,5.0,0.0,54.0
22-10-2025,Dadra and Nagar Haveli,0,1.0,0.0,0.0
22-10-2025,Dadra and Nagar Haveli and Daman and Diu,0,0.0,0.0,0.0
22-10-2025,Delhi,46,8.0,0.0,46.0
22-10-2025,Goa,1,0.0,0.0,1.0
22-10-2025,Gujarat,53,0.0,0.0,53.0
22-10-2025,Haryana,57,9.0,0.0,57.0
22-10-2025,Himachal Pradesh,8,2.0,0.0,8.0
22-10-2025,Jammu and Kashmir,31,14.0,0.0,31.0
22-10-2025,Jharkhand,62,1.0,0.0,62.0
22-10-2025,Karnataka,75,3.0,0.0,75.0
22-10-2025,Kerala,73,7.0,0.0,73.0
22-10-2025,Ladakh,1,0.0,0.0,1.0
22-10-2025,Madhya Pradesh,92,6.0,1.0,91.0
22-10-2025,Maharashtra,85,30.0,0.0,85.0
22-10-2025,Manipur,13,9.0,0.0,13.0
22-10-2025,Meghalaya,3,0.0,0.0,3.0
22-10-2025,Mizoram,4,2.0,0.0,4.0
22-10-2025,Nagaland,4,3.0,1.0,3.0
22-10-2025,Odisha,35,2.0,0.0,35.0
22-10-2025,Orissa,0,0.0,0.0,0.0
22-10-2025,Pondicherry,3,0.0,0.0,3.0
22-10-2025,Puducherry,0,0.0,0.0,0.0
22-10-2025,Punjab,35,2.0,0.0,35.0
22-10-2025,Rajasthan,59,14.0,0.0,59.0
22-10-2025,Sikkim,0,0.0,0.0,0.0
22-10-2025,Tamil Nadu,140,11.0,0.0,140.0
22-10-2025,Telangana,61,8.0,0.0,61.0
22-10-2025,Tripura,5,0.0,0.0,5.0
22-10-2025,Uttar Pradesh,233,54.0,7.0,226.0
22-10-2025,Uttarakhand,7,0.0,0.0,7.0
22-10-2025,West Bengal,129,24.0,1.0,128.0
22-12-2025,Andaman & Nicobar Islands,0,0.0,0.0,0.0
22-12-2025,Andaman and Nicobar Islands,8,0.0,0.0,8.0
22-12-2025,Andhra Pradesh,1517,0.0,3.0,1514.0
22-12-2025,Arunachal Pradesh,34,0.0,0.0,34.0
22-12-2025,Assam,482,0.0,10.0,472.0
22-12-2025,Bihar,2039,1.0,127.0,1912.0
22-12-2025,Chandigarh,18,0.0,0.0,18.0
22-12-2025,Chhattisgarh,659,6.0,12.0,647.0
22-12-2025,Dadra & Nagar Haveli,0,0.0,0.0,0.0
22-12-2025,Dadra and Nagar Haveli,4,0.0,0.0,4.0
22-12-2025,Dadra and Nagar Haveli and Daman and Diu,3,0.0,0.0,3.0
22-12-2025,Daman & Diu,0,0.0,0.0,0.0
22-12-2025,Daman and Diu,2,0.0,0.0,2.0
22-12-2025,Delhi,294,0.0,4.0,290.0
22-12-2025,Goa,7,0.0,0.0,7.0
22-12-2025,Gujarat,883,4.0,8.0,875.0
22-12-2025,Haryana,345,0.0,3.0,342.0
22-12-2025,Himachal Pradesh,71,0.0,0.0,71.0
22-12-2025,Jammu & Kashmir,0,0.0,0.0,0.0
22-12-2025,Jammu and Kashmir,180,0.0,4.0,176.0
22-12-2025,Jharkhand,538,1.0,27.0,511.0
22-12-2025,Karnataka,1053,0.0,10.0,1043.0
22-12-2025,Kerala,277,0.0,4.0,273.0
22-12-2025,Ladakh,9,0.0,0.0,9.0
22-12-2025,Lakshadweep,0,0.0,0.0,0.0
22-12-2025,Madhya Pradesh,963,0.0,32.0,931.0
22-12-2025,Maharashtra,1372,2.0,22.0,1350.0
22-12-2025,Manipur,254,0.0,1.0,253.0
22-12-2025,Meghalaya,6,0.0,0.0,6.0
22-12-2025,Mizoram,17,0.0,0.0,17.0
22-12-2025,Nagaland,14,0.0,0.0,14.0
22-12-2025,Nagpur,0,0.0,0.0,0.0
22-12-2025,Odisha,646,0.0,9.0,637.0
22-12-2025,Orissa,10,0.0,0.0,10.0
22-12-2025,Pondicherry,5,0.0,0.0,5.0
22-12-2025,Puducherry,14,0.0,0.0,14.0
22-12-2025,Punjab,140,0.0,1.0,139.0
22-12-2025,Rajasthan,1316,3.0,37.0,1279.0
22-12-2025,Sikkim,4,0.0,0.0,4.0
22-12-2025,Tamil Nadu,834,3.0,12.0,822.0
22-12-2025,Telangana,1213,0.0,3.0,1210.0
22-12-2025,Tripura,87,1.0,1.0,86.0
22-12-2025,Uttar Pradesh,4467,11.0,143.0,4324.0
22-12-2025,Uttarakhand,175,2.0,3.0,172.0
22-12-2025,Uttaranchal,0,0.0,0.0,0.0
22-12-2025,WEST BENGAL,0,0.0,0.0,0.0
22-12-2025,WESTBENGAL,0,0.0,0.0,0.0
22-12-2025,West  Bengal,0,0.0,0.0,0.0
22-12-2025,West Bengal,1965,0.0,24.0,1941.0
22-12-2025,Westbengal,0,0.0,0.0,0.0
23-10-2025,Andaman & Nicobar Islands,0,0.0,0.0,0.0
23-10-2025,Andaman and Nicobar Islands,0,1.0,0.0,0.0
23-10-2025,Andhra Pradesh,176,29.0,0.0,176.0
23-10-2025,Arunachal Pradesh,5,4.0,0.0,5.0
23-10-2025,Assam,43,39.0,1.0,42.0
23-10-2025,Bihar,291,328.0,2.0,289.0
23-10-2025,Chandigarh,2,1.0,0.0,2.0
23-10-2025,Chhattisgarh,67,115.0,0.0,67.0
23-10-2025,Dadra and Nagar Haveli,1,2.0,0.0,1.0
23-10-2025,Dadra and Nagar Haveli and Daman and Diu,0,0.0,0.0,0.0
23-10-2025,Delhi,59,46.0,0.0,59.0
23-10-2025,Goa,3,4.0,0.0,3.0
23-10-2025,Gujarat,137,4.0,5.0,132.0
23-10-2025,Haryana,95,121.0,0.0,95.0
23-10-2025,Himachal Pradesh,23,15.0,0.0,23.0
23-10-2025,Jammu and Kashmir,24,29.0,0.0,24.0
23-10-2025,Jharkhand,70,93.0,0.0,70.0
23-10-2025,Karnataka,276,4.0,0.0,276.0
23-10-2025,Kerala,142,17.0,1.0,141.0
23-10-2025,Ladakh,2,0.0,0.0,2.0
23-10-2025,Lakshadweep,1,0.0,0.0,1.0
23-10-2025,Madhya Pradesh,227,167.0,1.0,226.0
23-10-2025,Maharashtra,207,323.0,2.0,205.0
23-10-2025,Manipur,26,27.0,0.0,26.0
23-10-2025,Meghalaya,6,0.0,0.0,6.0
23-10-2025,Mizoram,3,4.0,0.0,3.0
23-10-2025,Nagaland,15,4.0,0.0,15.0
23-10-2025,Odisha,72,28.0,0.0,72.0
23-10-2025,Orissa,4,1.0,0.0,4.0
23-10-2025,Pondicherry,0,0.0,0.0,0.0
23-10-2025,Puducherry,9,1.0,0.0,9.0
23-10-2025,Punjab,67,75.0,0.0,67.0
23-10-2025,Rajasthan,184,132.0,1.0,183.0
23-10-2025,Sikkim,0,0.0,0.0,0.0
23-10-2025,Tamil Nadu,484,29.0,0.0,484.0
23-10-2025,Telangana,206,42.0,1.0,205.0
23-10-2025,Tripura,6,6.0,0.0,6.0
23-10-2025,Uttar Pradesh,562,1182.0,8.0,554.0
23-10-2025,Uttarakhand,27,68.0,0.0,27.0
23-10-2025,West Bengal,289,72.0,0.0,289.0
23-12-2025,100000,0,0.0,0.0,0.0
23-12-2025,Andaman & Nicobar Islands,0,0.0,0.0,0.0
23-12-2025,Andaman and Nicobar Islands,5,0.0,0.0,5.0
23-12-2025,Andhra Pradesh,2990,12.0,1.0,2989.0
23-12-2025,Arunachal Pradesh,62,0.0,0.0,62.0
23-12-2025,Assam,1549,2.0,2.0,1547.0
23-12-2025,Bihar,5697,5.0,42.0,5655.0
23-12-2025,Chandigarh,61,0.0,0.0,61.0
23-12-2025,Chhattisgarh,2776,9.0,4.0,2772.0
23-12-2025,Dadra & Nagar Haveli,0,0.0,0.0,0.0
23-12-2025,Dadra and Nagar Haveli,21,0.0,0.0,21.0
23-12-2025,Dadra and Nagar Haveli and Daman and Diu,7,0.0,0.0,7.0
23-12-2025,Daman & Diu,4,0.0,0.0,4.0
23-12-2025,Daman and Diu,14,0.0,0.0,14.0
23-12-2025,Delhi,768,2.0,3.0,765.0
23-12-2025,Goa,39,0.0,0.0,39.0
23-12-2025,Gujarat,2201,5.0,3.0,2198.0
23-12-2025,Haryana,1193,3.0,0.0,1193.0
23-12-2025,Himachal Pradesh,247,2.0,0.0,247.0
23-12-2025,Jammu & Kashmir,0,0.0,0.0,0.0
23-12-2025,Jammu and Kashmir,884,2.0,1.0,883.0
23-12-2025,Jharkhand,1543,2.0,20.0,1523.0
23-12-2025,Karnataka,2329,5.0,3.0,2326.0
23-12-2025,Kerala,560,1.0,1.0,559.0
23-12-2025,Ladakh,11,0.0,0.0,11.0
23-12-2025,Lakshadweep,4,0.0,0.0,4.0
23-12-2025,Madhya Pradesh,2892,9.0,12.0,2880.0
23-12-2025,Maharashtra,3635,2.0,6.0,3629.0
23-12-2025,Manipur,453,0.0,1.0,452.0
23-12-2025,Meghalaya,57,0.0,0.0,57.0
23-12-2025,Mizoram,15,0.0,0.0,15.0
23-12-2025,Nagaland,59,0.0,0.0,59.0
23-12-2025,Odisha,1563,3.0,1.0,1562.0
23-12-2025,Orissa,29,0.0,0.0,29.0
23-12-2025,Pondicherry,4,0.0,0.0,4.0
23-12-2025,Puducherry,53,3.0,0.0,53.0
23-12-2025,Punjab,432,4.0,2.0,430.0
23-12-2025,Rajasthan,2957,17.0,16.0,2941.0
23-12-2025,Sikkim,3,0.0,0.0,3.0
23-12-2025,Tamil Nadu,2702,39.0,3.0,2699.0
23-12-2025,Telangana,2088,8.0,3.0,2085.0
23-12-2025,Tripura,330,0.0,1.0,329.0
23-12-2025,Uttar Pradesh,6598,21.0,42.0,6556.0
23-12-2025,Uttarakhand,363,3.0,1.0,362.0
23-12-2025,WEST BENGAL,0,0.0,0.0,0.0
23-12-2025,WESTBENGAL,0,0.0,0.0,0.0
23-12-2025,West  Bengal,0,0.0,0.0,0.0
23-12-2025,West Bangal,0,0.0,0.0,0.0
23-12-2025,West Bengal,1294,1.0,8.0,1286.0
23-12-2025,andhra pradesh,0,0.0,0.0,0.0
24-10-2025,Andaman & Nicobar Islands,1,4.0,0.0,1.0
24-10-2025,Andaman and Nicobar Islands,11,65.0,3.0,8.0
24-10-2025,Andhra Pradesh,5468,10889.0,188.0,5280.0
24-10-2025,Arunachal Pradesh,127,271.0,40.0,87.0
24-10-2025,Assam,966,3250.0,352.0,614.0
24-10-2025,Bihar,4682,9229.0,2479.0,2203.0
24-10-2025,Chandigarh,29,75.0,2.0,27.0
24-10-2025,Chhattisgarh,584,3536.0,86.0,498.0
24-10-2025,Dadra & Nagar Haveli,0,0.0,0.0,0.0
24-10-2025,Dadra and Nagar Haveli,17,56.0,0.0,17.0
24-10-2025,Dadra and Nagar Haveli and Daman and Diu,2,1.0,0.0,2.0
24-10-2025,Daman & Diu,0,1.0,0.0,0.0
24-10-2025,Daman and Diu,3,13.0,0.0,3.0
24-10-2025,Delhi,541,1639.0,84.0,457.0
24-10-2025,Goa,29,251.0,5.0,24.0
24-10-2025,Gujarat,1295,3582.0,204.0,1091.0
24-10-2025,Haryana,789,3070.0,38.0,751.0
24-10-2025,Himachal Pradesh,245,1424.0,2.0,243.0
24-10-2025,Jammu & Kashmir,2,0.0,0.0,2.0
24-10-2025,Jammu and Kashmir,425,2339.0,92.0,333.0
24-10-2025,Jharkhand,925,3117.0,409.0,516.0
24-10-2025,Karnataka,2282,4168.0,151.0,2131.0
24-10-2025,Kerala,1411,1900.0,221.0,1190.0
24-10-2025,Ladakh,5,18.0,0.0,5.0
24-10-2025,Lakshadweep,4,11.0,0.0,4.0
24-10-2025,Madhya Pradesh,1197,2915.0,168.0,1029.0
24-10-2025,Maharashtra,2911,5776.0,261.0,2650.0
24-10-2025,Manipur,816,828.0,101.0,715.0
24-10-2025,Meghalaya,185,270.0,194.0,-9.0
24-10-2025,Mizoram,124,369.0,13.0,111.0
24-10-2025,Nagaland,196,305.0,131.0,65.0
24-10-2025,ODISHA,0,0.0,0.0,0.0
24-10-2025,Odisha,2647,6885.0,218.0,2429.0
24-10-2025,Orissa,30,67.0,6.0,24.0
24-10-2025,Pondicherry,17,29.0,2.0,15.0
24-10-2025,Puducherry,45,161.0,2.0,43.0
24-10-2025,Punjab,426,1833.0,44.0,382.0
24-10-2025,Rajasthan,1212,3726.0,292.0,920.0
24-10-2025,Sikkim,11,14.0,3.0,8.0
24-10-2025,Tamil Nadu,3563,7954.0,227.0,3336.0
24-10-2025,Telangana,3922,10436.0,295.0,3627.0
24-10-2025,Tripura,106,377.0,26.0,80.0
24-10-2025,Uttar Pradesh,6127,24173.0,2036.0,4091.0
24-10-2025,Uttarakhand,271,1451.0,20.0,251.0
24-10-2025,WESTBENGAL,0,0.0,0.0,0.0
24-10-2025,West  Bengal,0,0.0,0.0,0.0
24-10-2025,West Bangal,0,0.0,0.0,0.0
24-10-2025,West Bengal,2578,3848.0,1025.0,1553.0
24-10-2025,West bengal,0,0.0,0.0,0.0
24-10-2025,andhra pradesh,0,0.0,0.0,0.0
24-10-2025,west Bengal,0,0.0,0.0,0.0
24-12-2025,Andaman & Nicobar Islands,0,0.0,0.0,0.0
24-12-2025,Andaman and Nicobar Islands,2,0.0,0.0,2.0
24-12-2025,Andhra Pradesh,1613,0.0,78.0,1535.0
24-12-2025,Arunachal Pradesh,26,0.0,4.0,22.0
24-12-2025,Assam,429,0.0,203.0,226.0
24-12-2025,Bihar,3786,0.0,2006.0,1780.0
24-12-2025,Chandigarh,25,0.0,0.0,25.0
24-12-2025,Chhattisgarh,1669,0.0,100.0,1569.0
24-12-2025,Dadra & Nagar Haveli,0,0.0,0.0,0.0
24-12-2025,Dadra and Nagar Haveli,18,0.0,0.0,18.0
24-12-2025,Dadra and Nagar Haveli and Daman and Diu,4,0.0,0.0,4.0
24-12-2025,Daman & Diu,0,0.0,0.0,0.0
24-12-2025,Daman and Diu,8,0.0,0.0,8.0
24-12-2025,Delhi,463,0.0,59.0,404.0
24-12-2025,Goa,21,0.0,2.0,19.0
24-12-2025,Gujarat,1151,0.0,266.0,885.0
24-12-2025,Haryana,589,0.0,40.0,549.0
24-12-2025,Himachal Pradesh,151,0.0,2.0,149.0
24-12-2025,Jammu and Kashmir,276,0.0,42.0,234.0
24-12-2025,Jharkhand,1074,0.0,235.0,839.0
24-12-2025,Karnataka,1464,0.0,187.0,1277.0
24-12-2025,Kerala,369,0.0,103.0,266.0
24-12-2025,Ladakh,11,0.0,1.0,10.0
24-12-2025,Lakshadweep,2,0.0,0.0,2.0
24-12-2025,Madhya Pradesh,2678,0.0,543.0,2135.0
24-12-2025,Maharashtra,1092,0.0,193.0,899.0
24-12-2025,Manipur,80,0.0,19.0,61.0
24-12-2025,Meghalaya,8,0.0,23.0,-15.0
24-12-2025,Mizoram,0,0.0,1.0,-1.0
24-12-2025,Nagaland,5,0.0,3.0,2.0
24-12-2025,Odisha,393,0.0,69.0,324.0
24-12-2025,Orissa,2,0.0,3.0,-1.0
24-12-2025,Pondicherry,0,0.0,0.0,0.0
24-12-2025,Puducherry,13,0.0,0.0,13.0
24-12-2025,Punjab,50,0.0,17.0,33.0
24-12-2025,Rajasthan,611,0.0,189.0,422.0
24-12-2025,Sikkim,1,0.0,0.0,1.0
24-12-2025,Tamil Nadu,794,0.0,97.0,697.0
24-12-2025,Telangana,688,0.0,83.0,605.0
24-12-2025,Tripura,53,0.0,23.0,30.0
24-12-2025,Uttar Pradesh,4573,0.0,1460.0,3113.0
24-12-2025,Uttarakhand,231,0.0,19.0,212.0
24-12-2025,West Bangal,0,0.0,0.0,0.0
24-12-2025,West Bengal,1049,0.0,315.0,734.0
25-10-2025,Andaman & Nicobar Islands,0,1.0,0.0,0.0
25-10-2025,Andaman and Nicobar Islands,2,33.0,0.0,2.0
25-10-2025,Andhra Pradesh,3323,18900.0,286.0,3037.0
25-10-2025,Arunachal Pradesh,66,667.0,41.0,25.0
25-10-2025,Assam,738,8138.0,453.0,285.0
25-10-2025,Bihar,2846,6814.0,2100.0,746.0
25-10-2025,Chandigarh,7,89.0,0.0,7.0
25-10-2025,Chhattisgarh,542,2092.0,58.0,484.0
25-10-2025,Dadra & Nagar Haveli,0,0.0,0.0,0.0
25-10-2025,Dadra and Nagar Haveli,8,20.0,1.0,7.0
25-10-2025,Dadra and Nagar Haveli and Daman and Diu,2,0.0,0.0,2.0
25-10-2025,Daman & Diu,0,0.0,0.0,0.0
25-10-2025,Daman and Diu,1,7.0,0.0,1.0
25-10-2025,Delhi,217,1013.0,75.0,142.0
25-10-2025,Goa,28,286.0,2.0,26.0
25-10-2025,Gujarat,245,1490.0,43.0,202.0
25-10-2025,Haryana,400,2766.0,54.0,346.0
25-10-2025,Himachal Pradesh,144,875.0,4.0,140.0
25-10-2025,Jammu & Kashmir,0,1.0,0.0,0.0
25-10-2025,Jammu and Kashmir,268,4148.0,125.0,143.0
25-10-2025,Jharkhand,824,2227.0,586.0,238.0
25-10-2025,Karnataka,1903,7856.0,97.0,1806.0
25-10-2025,Kerala,776,3927.0,311.0,465.0
25-10-2025,Ladakh,4,17.0,1.0,3.0
25-10-2025,Lakshadweep,0,17.0,0.0,0.0
25-10-2025,Madhya Pradesh,1182,4332.0,510.0,672.0
25-10-2025,Maharashtra,1398,8154.0,322.0,1076.0
25-10-2025,Manipur,524,1071.0,59.0,465.0
25-10-2025,Meghalaya,115,317.0,230.0,-115.0
25-10-2025,Mizoram,85,331.0,13.0,72.0
25-10-2025,Nagaland,150,426.0,74.0,76.0
25-10-2025,ODISHA,0,0.0,0.0,0.0
25-10-2025,Odisha,2630,11876.0,281.0,2349.0
25-10-2025,Orissa,20,82.0,5.0,15.0
25-10-2025,Pondicherry,9,34.0,2.0,7.0
25-10-2025,Puducherry,31,224.0,4.0,27.0
25-10-2025,Punjab,278,4186.0,49.0,229.0
25-10-2025,Rajasthan,1251,3684.0,772.0,479.0
25-10-2025,Sikkim,7,37.0,6.0,1.0
25-10-2025,Tamil Nadu,3357,23352.0,445.0,2912.0
25-10-2025,Telangana,3841,17403.0,642.0,3199.0
25-10-2025,Tripura,93,947.0,50.0,43.0
25-10-2025,Uttar Pradesh,5794,15405.0,3286.0,2508.0
25-10-2025,Uttarakhand,223,767.0,34.0,189.0
25-10-2025,WESTBENGAL,0,0.0,0.0,0.0
25-10-2025,West  Bengal,0,0.0,0.0,0.0
25-10-2025,West Bangal,0,0.0,0.0,0.0
25-10-2025,West Bengal,1652,5624.0,810.0,842.0
25-10-2025,andhra pradesh,0,0.0,0.0,0.0
25-11-2025,Andaman and Nicobar Islands,5,64.0,0.0,5.0
25-11-2025,Andhra Pradesh,1651,20887.0,115.0,1536.0
25-11-2025,Arunachal Pradesh,17,368.0,4.0,13.0
25-11-2025,Assam,142,9525.0,253.0,-111.0
25-11-2025,Bihar,730,15119.0,2195.0,-1465.0
25-11-2025,Chandigarh,26,243.0,2.0,24.0
25-11-2025,Chhattisgarh,413,16007.0,218.0,195.0
25-11-2025,Dadra and Nagar Haveli,2,86.0,2.0,0.0
25-11-2025,Dadra and Nagar Haveli and Daman and Diu,3,0.0,0.0,3.0
25-11-2025,Delhi,234,3731.0,95.0,139.0
25-11-2025,Goa,20,509.0,1.0,19.0
25-11-2025,Gujarat,401,7859.0,321.0,80.0
25-11-2025,Haryana,286,7003.0,49.0,237.0
25-11-2025,Himachal Pradesh,77,2905.0,6.0,71.0
25-11-2025,Jammu & Kashmir,0,2.0,0.0,0.0
25-11-2025,Jammu and Kashmir,166,11148.0,103.0,63.0
25-11-2025,Jharkhand,338,5641.0,452.0,-114.0
25-11-2025,Karnataka,835,2664.0,302.0,533.0
25-11-2025,Kerala,251,4278.0,213.0,38.0
25-11-2025,Ladakh,6,13.0,0.0,6.0
25-11-2025,Lakshadweep,0,16.0,0.0,0.0
25-11-2025,Madhya Pradesh,651,12225.0,542.0,109.0
25-11-2025,Maharashtra,1220,24753.0,518.0,702.0
25-11-2025,Manipur,90,1062.0,29.0,61.0
25-11-2025,Meghalaya,11,178.0,46.0,-35.0
25-11-2025,Mizoram,3,133.0,4.0,-1.0
25-11-2025,Nagaland,8,304.0,9.0,-1.0
25-11-2025,Odisha,342,3956.0,104.0,238.0
25-11-2025,Orissa,7,24.0,2.0,5.0
25-11-2025,Pondicherry,3,28.0,1.0,2.0
25-11-2025,Puducherry,23,184.0,2.0,21.0
25-11-2025,Punjab,44,3019.0,36.0,8.0
25-11-2025,Rajasthan,520,13932.0,967.0,-447.0
25-11-2025,Sikkim,2,48.0,1.0,1.0
25-11-2025,Tamil Nadu,1437,10523.0,514.0,923.0
25-11-2025,Telangana,986,5329.0,171.0,815.0
25-11-2025,Tripura,24,1215.0,45.0,-21.0
25-11-2025,Uttar Pradesh,1619,52142.0,2551.0,-932.0
25-11-2025,Uttarakhand,143,7597.0,63.0,80.0
25-11-2025,West Bangal,0,0.0,0.0,0.0
25-11-2025,West Bengal,458,7587.0,705.0,-247.0
25-11-2025,Westbengal,0,0.0,0.0,0.0
25-11-2025,odisha,0,0.0,0.0,0.0
25-12-2025,Andaman and Nicobar Islands,2,26.0,0.0,2.0
25-12-2025,Andhra Pradesh,1309,9150.0,90.0,1219.0
25-12-2025,Arunachal Pradesh,13,156.0,10.0,3.0
25-12-2025,Assam,530,3054.0,325.0,205.0
25-12-2025,Bihar,2220,15902.0,4682.0,-2462.0
25-12-2025,Chandigarh,24,105.0,8.0,16.0
25-12-2025,Chhattisgarh,1000,16208.0,247.0,753.0
25-12-2025,Dadra & Nagar Haveli,0,0.0,0.0,0.0
25-12-2025,Dadra and Nagar Haveli,13,59.0,1.0,12.0
25-12-2025,Dadra and Nagar Haveli and Daman and Diu,4,1.0,0.0,4.0
25-12-2025,Daman & Diu,0,0.0,0.0,0.0
25-12-2025,Daman and Diu,1,19.0,0.0,1.0
25-12-2025,Delhi,429,2978.0,126.0,303.0
25-12-2025,Goa,5,135.0,3.0,2.0
25-12-2025,Gujarat,899,5792.0,437.0,462.0
25-12-2025,Haryana,391,2239.0,57.0,334.0
25-12-2025,Himachal Pradesh,86,351.0,7.0,79.0
25-12-2025,Jammu & Kashmir,0,0.0,0.0,0.0
25-12-2025,Jammu and Kashmir,246,2909.0,89.0,157.0
25-12-2025,Jharkhand,479,2792.0,547.0,-68.0
25-12-2025,Karnataka,1355,5611.0,303.0,1052.0
25-12-2025,Kerala,403,2907.0,187.0,216.0
25-12-2025,Ladakh,10,15.0,2.0,8.0
25-12-2025,Lakshadweep,0,12.0,0.0,0.0
25-12-2025,Madhya Pradesh,1609,11839.0,780.0,829.0
25-12-2025,Maharashtra,1634,18740.0,310.0,1324.0
25-12-2025,Manipur,247,462.0,27.0,220.0
25-12-2025,Meghalaya,4,31.0,53.0,-49.0
25-12-2025,Mizoram,4,9.0,1.0,3.0
25-12-2025,Nagaland,7,14.0,8.0,-1.0
25-12-2025,Odisha,791,4529.0,146.0,645.0
25-12-2025,Orissa,20,29.0,1.0,19.0
25-12-2025,Pondicherry,4,34.0,0.0,4.0
25-12-2025,Puducherry,13,132.0,1.0,12.0
25-12-2025,Punjab,136,2270.0,69.0,67.0
25-12-2025,Rajasthan,2164,10596.0,1520.0,644.0
25-12-2025,Sikkim,8,1.0,1.0,7.0
25-12-2025,Tamil Nadu,2184,17058.0,244.0,1940.0
25-12-2025,Telangana,1514,10361.0,248.0,1266.0
25-12-2025,Tripura,86,733.0,57.0,29.0
25-12-2025,Uttar Pradesh,5959,33600.0,4705.0,1254.0
25-12-2025,Uttarakhand,382,6618.0,69.0,313.0
25-12-2025,West Bengal,1862,6155.0,941.0,921.0
26-10-2025,Andaman & Nicobar Islands,0,2.0,0.0,0.0
26-10-2025,Andaman and Nicobar Islands,0,51.0,0.0,0.0
26-10-2025,Andhra Pradesh,3693,14812.0,89.0,3604.0
26-10-2025,Arunachal Pradesh,79,159.0,25.0,54.0
26-10-2025,Assam,989,4517.0,304.0,685.0
26-10-2025,Bihar,2838,5395.0,2100.0,738.0
26-10-2025,Chandigarh,15,29.0,0.0,15.0
26-10-2025,Chhattisgarh,563,2100.0,51.0,512.0
26-10-2025,Dadra & Nagar Haveli,0,0.0,0.0,0.0
26-10-2025,Dadra and Nagar Haveli,10,4.0,1.0,9.0
26-10-2025,Dadra and Nagar Haveli and Daman and Diu,0,0.0,0.0,0.0
26-10-2025,Daman & Diu,0,4.0,0.0,0.0
26-10-2025,Daman and Diu,0,12.0,0.0,0.0
26-10-2025,Delhi,344,1052.0,80.0,264.0
26-10-2025,Goa,27,53.0,4.0,23.0
26-10-2025,Gujarat,292,313.0,44.0,248.0
26-10-2025,Haryana,410,1673.0,28.0,382.0
26-10-2025,Himachal Pradesh,124,239.0,5.0,119.0
26-10-2025,Jammu & Kashmir,0,0.0,0.0,0.0
26-10-2025,Jammu and Kashmir,258,658.0,25.0,233.0
26-10-2025,Jharkhand,534,1542.0,142.0,392.0
26-10-2025,Karnataka,1464,4274.0,204.0,1260.0
26-10-2025,Kerala,1307,3178.0,140.0,1167.0
26-10-2025,Ladakh,11,21.0,1.0,10.0
26-10-2025,Lakshadweep,1,17.0,0.0,1.0
26-10-2025,Madhya Pradesh,1154,7681.0,453.0,701.0
26-10-2025,Maharashtra,1368,11617.0,213.0,1155.0
26-10-2025,Manipur,818,1151.0,10.0,808.0
26-10-2025,Meghalaya,87,196.0,130.0,-43.0
26-10-2025,Mizoram,69,224.0,7.0,62.0
26-10-2025,Nagaland,85,167.0,66.0,19.0
26-10-2025,Odisha,2063,13199.0,137.0,1926.0
26-10-2025,Orissa,24,98.0,1.0,23.0
26-10-2025,Pondicherry,7,37.0,1.0,6.0
26-10-2025,Puducherry,65,159.0,0.0,65.0
26-10-2025,Punjab,315,4363.0,29.0,286.0
26-10-2025,Rajasthan,1286,7212.0,323.0,963.0
26-10-2025,Sikkim,18,58.0,2.0,16.0
26-10-2025,Tamil Nadu,5270,13996.0,184.0,5086.0
26-10-2025,Telangana,4162,8914.0,173.0,3989.0
26-10-2025,Tripura,122,451.0,15.0,107.0
26-10-2025,Uttar Pradesh,7125,38206.0,2457.0,4668.0
26-10-2025,Uttarakhand,145,2203.0,32.0,113.0
26-10-2025,West  Bengal,0,2.0,0.0,0.0
26-10-2025,West Bangal,0,0.0,0.0,0.0
26-10-2025,West Bengal,1504,4416.0,436.0,1068.0
26-11-2025,Andaman & Nicobar Islands,0,0.0,0.0,0.0
26-11-2025,Andaman and Nicobar Islands,6,0.0,0.0,6.0
26-11-2025,Andhra Pradesh,2199,0.0,0.0,2199.0
26-11-2025,Arunachal Pradesh,27,0.0,0.0,27.0
26-11-2025,Assam,458,0.0,0.0,458.0
26-11-2025,Bihar,1782,0.0,0.0,1782.0
26-11-2025,Chandigarh,11,0.0,0.0,11.0
26-11-2025,Chhattisgarh,739,0.0,0.0,739.0
26-11-2025,Dadra & Nagar Haveli,2,0.0,0.0,2.0
26-11-2025,Dadra and Nagar Haveli,4,0.0,0.0,4.0
26-11-2025,Dadra and Nagar Haveli and Daman and Diu,0,0.0,0.0,0.0
26-11-2025,Daman & Diu,0,0.0,0.0,0.0
26-11-2025,Daman and Diu,4,0.0,0.0,4.0
26-11-2025,Delhi,328,0.0,0.0,328.0
26-11-2025,Goa,25,0.0,0.0,25.0
26-11-2025,Gujarat,745,0.0,0.0,745.0
26-11-2025,Haryana,426,0.0,0.0,426.0
26-11-2025,Himachal Pradesh,113,0.0,0.0,113.0
26-11-2025,Jammu & Kashmir,0,0.0,0.0,0.0
26-11-2025,Jammu and Kashmir,197,0.0,0.0,197.0
26-11-2025,Jharkhand,504,0.0,0.0,504.0
26-11-2025,Karnataka,594,0.0,0.0,594.0
26-11-2025,Kerala,187,0.0,0.0,187.0
26-11-2025,Ladakh,2,0.0,0.0,2.0
26-11-2025,Lakshadweep,0,0.0,0.0,0.0
26-11-2025,Madhya Pradesh,666,0.0,0.0,666.0
26-11-2025,Maharashtra,1916,0.0,0.0,1916.0
26-11-2025,Manipur,262,0.0,0.0,262.0
26-11-2025,Meghalaya,34,0.0,0.0,34.0
26-11-2025,Mizoram,26,0.0,0.0,26.0
26-11-2025,Nagaland,26,0.0,0.0,26.0
26-11-2025,Odisha,953,0.0,0.0,953.0
26-11-2025,Orissa,17,0.0,0.0,17.0
26-11-2025,Pondicherry,5,0.0,0.0,5.0
26-11-2025,Puducherry,28,0.0,0.0,28.0
26-11-2025,Punjab,159,0.0,0.0,159.0
26-11-2025,Rajasthan,912,0.0,0.0,912.0
26-11-2025,Sikkim,6,0.0,0.0,6.0
26-11-2025,Tamil Nadu,2610,0.0,0.0,2610.0
26-11-2025,Telangana,1037,0.0,0.0,1037.0
26-11-2025,Tripura,60,0.0,0.0,60.0
26-11-2025,Uttar Pradesh,2331,0.0,0.0,2331.0
26-11-2025,Uttarakhand,119,0.0,0.0,119.0
26-11-2025,West Bangal,0,0.0,0.0,0.0
26-11-2025,West Bengal,1532,0.0,0.0,1532.0
26-12-2025,Andaman & Nicobar Islands,0,0.0,0.0,0.0
26-12-2025,Andaman and Nicobar Islands,4,21.0,0.0,4.0
26-12-2025,Andhra Pradesh,1962,5914.0,57.0,1905.0
26-12-2025,Arunachal Pradesh,56,154.0,7.0,49.0
26-12-2025,Assam,990,2819.0,175.0,815.0
26-12-2025,Bihar,5106,15531.0,2058.0,3048.0
26-12-2025,Chandigarh,49,87.0,5.0,44.0
26-12-2025,Chhattisgarh,1960,9790.0,102.0,1858.0
26-12-2025,Dadra & Nagar Haveli,2,1.0,0.0,2.0
26-12-2025,Dadra and Nagar Haveli,0,4.0,2.0,-2.0
26-12-2025,Dadra and Nagar Haveli and Daman and Diu,1,1.0,0.0,1.0
26-12-2025,Daman & Diu,0,3.0,0.0,0.0
26-12-2025,Daman and Diu,0,9.0,0.0,0.0
26-12-2025,Delhi,699,2347.0,145.0,554.0
26-12-2025,Goa,40,150.0,1.0,39.0
26-12-2025,Gujarat,2007,6236.0,247.0,1760.0
26-12-2025,Haryana,838,3430.0,43.0,795.0
26-12-2025,Himachal Pradesh,256,716.0,6.0,250.0
26-12-2025,Jaipur,0,0.0,0.0,0.0
26-12-2025,Jammu & Kashmir,0,0.0,0.0,0.0
26-12-2025,Jammu and Kashmir,701,3304.0,60.0,641.0
26-12-2025,Jharkhand,1185,3416.0,372.0,813.0
26-12-2025,Karnataka,1624,8236.0,189.0,1435.0
26-12-2025,Kerala,583,3276.0,218.0,365.0
26-12-2025,Ladakh,16,13.0,1.0,15.0
26-12-2025,Lakshadweep,6,6.0,0.0,6.0
26-12-2025,Madhya Pradesh,3123,11553.0,664.0,2459.0
26-12-2025,Maharashtra,3030,14363.0,309.0,2721.0
26-12-2025,Manipur,357,288.0,30.0,327.0
26-12-2025,Meghalaya,21,15.0,31.0,-10.0
26-12-2025,Mizoram,5,5.0,0.0,5.0
26-12-2025,Nagaland,13,7.0,5.0,8.0
26-12-2025,Odisha,2001,3399.0,160.0,1841.0
26-12-2025,Orissa,45,41.0,2.0,43.0
26-12-2025,Pondicherry,7,25.0,0.0,7.0
26-12-2025,Puducherry,56,110.0,0.0,56.0
26-12-2025,Punjab,381,1699.0,49.0,332.0
26-12-2025,Raja Annamalai Puram,0,0.0,0.0,0.0
26-12-2025,Rajasthan,3715,14727.0,655.0,3060.0
26-12-2025,Sikkim,6,3.0,0.0,6.0
26-12-2025,Tamil Nadu,4085,13818.0,172.0,3913.0
26-12-2025,Telangana,1377,3152.0,96.0,1281.0
26-12-2025,Tripura,164,292.0,37.0,127.0
26-12-2025,Uttar Pradesh,6903,17899.0,2885.0,4018.0
26-12-2025,Uttarakhand,539,2988.0,32.0,507.0
26-12-2025,WEST BENGAL,0,0.0,0.0,0.0
26-12-2025,West  Bengal,1,0.0,0.0,1.0
26-12-2025,West Bangal,0,0.0,0.0,0.0
26-12-2025,West Bengal,2241,4400.0,568.0,1673.0
26-12-2025,West bengal,0,0.0,0.0,0.0
26-12-2025,Westbengal,0,0.0,0.0,0.0
27-10-2025,Andaman & Nicobar Islands,0,2.0,0.0,0.0
27-10-2025,Andaman and Nicobar Islands,3,55.0,0.0,3.0
27-10-2025,Andhra Pradesh,2718,33442.0,91.0,2627.0
27-10-2025,Arunachal Pradesh,57,157.0,10.0,47.0
27-10-2025,Assam,459,3504.0,196.0,263.0
27-10-2025,Bihar,1478,7787.0,1796.0,-318.0
27-10-2025,Chandigarh,12,59.0,0.0,12.0
27-10-2025,Chhattisgarh,274,2777.0,47.0,227.0
27-10-2025,Dadra and Nagar Haveli,0,2.0,0.0,0.0
27-10-2025,Dadra and Nagar Haveli and Daman and Diu,1,0.0,0.0,1.0
27-10-2025,Daman & Diu,0,0.0,0.0,0.0
27-10-2025,Daman and Diu,0,1.0,0.0,0.0
27-10-2025,Delhi,122,564.0,23.0,99.0
27-10-2025,Goa,5,33.0,0.0,5.0
27-10-2025,Gujarat,211,342.0,15.0,196.0
27-10-2025,Haryana,225,1770.0,21.0,204.0
27-10-2025,Himachal Pradesh,47,846.0,0.0,47.0
27-10-2025,Jammu & Kashmir,0,0.0,0.0,0.0
27-10-2025,Jammu and Kashmir,142,1877.0,55.0,87.0
27-10-2025,Jharkhand,295,1756.0,177.0,118.0
27-10-2025,Karnataka,904,3383.0,48.0,856.0
27-10-2025,Kerala,337,1074.0,166.0,171.0
27-10-2025,Ladakh,3,8.0,0.0,3.0
27-10-2025,Lakshadweep,2,13.0,0.0,2.0
27-10-2025,Madhya Pradesh,452,7511.0,155.0,297.0
27-10-2025,Maharashtra,809,7966.0,114.0,695.0
27-10-2025,Manipur,330,1427.0,29.0,301.0
27-10-2025,Meghalaya,32,154.0,113.0,-81.0
27-10-2025,Mizoram,33,163.0,7.0,26.0
27-10-2025,Nagaland,32,146.0,52.0,-20.0
27-10-2025,Odisha,1328,6168.0,107.0,1221.0
27-10-2025,Orissa,20,39.0,1.0,19.0
27-10-2025,Pondicherry,6,25.0,0.0,6.0
27-10-2025,Puducherry,50,131.0,3.0,47.0
27-10-2025,Punjab,152,1915.0,19.0,133.0
27-10-2025,Rajasthan,455,4690.0,194.0,261.0
27-10-2025,Sikkim,4,14.0,0.0,4.0
27-10-2025,Tamil Nadu,2177,10009.0,249.0,1928.0
27-10-2025,Telangana,1812,5103.0,174.0,1638.0
27-10-2025,Tripura,44,109.0,9.0,35.0
27-10-2025,Uttar Pradesh,2183,11956.0,1222.0,961.0
27-10-2025,Uttarakhand,106,699.0,7.0,99.0
27-10-2025,WEST BENGAL,0,0.0,0.0,0.0
27-10-2025,West Bengal,1046,960.0,325.0,721.0
27-10-2025,andhra pradesh,0,0.0,0.0,0.0
27-11-2025,Andaman & Nicobar Islands,0,0.0,0.0,0.0
27-11-2025,Andaman and Nicobar Islands,12,0.0,0.0,12.0
27-11-2025,Andhra Pradesh,5418,0.0,0.0,5418.0
27-11-2025,Arunachal Pradesh,99,0.0,0.0,99.0
27-11-2025,Assam,1356,0.0,0.0,1356.0
27-11-2025,Bihar,5522,0.0,0.0,5522.0
27-11-2025,Chandigarh,34,0.0,0.0,34.0
27-11-2025,Chhattisgarh,1435,0.0,0.0,1435.0
27-11-2025,Dadra & Nagar Haveli,0,0.0,0.0,0.0
27-11-2025,Dadra and Nagar Haveli,7,0.0,0.0,7.0
27-11-2025,Dadra and Nagar Haveli and Daman and Diu,0,0.0,0.0,0.0
27-11-2025,Daman & Diu,1,0.0,0.0,1.0
27-11-2025,Daman and Diu,1,0.0,0.0,1.0
27-11-2025,Delhi,500,0.0,0.0,500.0
27-11-2025,Goa,36,0.0,0.0,36.0
27-11-2025,Gujarat,1593,0.0,0.0,1593.0
27-11-2025,Haryana,841,0.0,0.0,841.0
27-11-2025,Himachal Pradesh,257,0.0,0.0,257.0
27-11-2025,Jammu & Kashmir,0,0.0,0.0,0.0
27-11-2025,Jammu and Kashmir,497,0.0,0.0,497.0
27-11-2025,Jharkhand,1924,0.0,0.0,1924.0
27-11-2025,Karnataka,1938,0.0,0.0,1938.0
27-11-2025,Kerala,876,0.0,0.0,876.0
27-11-2025,Ladakh,8,0.0,0.0,8.0
27-11-2025,Lakshadweep,0,0.0,0.0,0.0
27-11-2025,Madhya Pradesh,1890,0.0,0.0,1890.0
27-11-2025,Maharashtra,3202,0.0,0.0,3202.0
27-11-2025,Manipur,837,0.0,0.0,837.0
27-11-2025,Meghalaya,49,0.0,0.0,49.0
27-11-2025,Mizoram,60,0.0,0.0,60.0
27-11-2025,Nagaland,51,0.0,0.0,51.0
27-11-2025,ODISHA,0,0.0,0.0,0.0
27-11-2025,Odisha,2089,0.0,0.0,2089.0
27-11-2025,Orissa,23,0.0,0.0,23.0
27-11-2025,Pondicherry,3,0.0,0.0,3.0
27-11-2025,Puducherry,24,0.0,0.0,24.0
27-11-2025,Punjab,372,0.0,0.0,372.0
27-11-2025,Rajasthan,2489,0.0,0.0,2489.0
27-11-2025,Sikkim,34,0.0,0.0,34.0
27-11-2025,Tamil Nadu,4105,0.0,0.0,4105.0
27-11-2025,Telangana,2800,0.0,0.0,2800.0
27-11-2025,Tripura,136,0.0,0.0,136.0
27-11-2025,Uttar Pradesh,7403,0.0,0.0,7403.0
27-11-2025,Uttarakhand,346,0.0,0.0,346.0
27-11-2025,WEST BENGAL,0,0.0,0.0,0.0
27-11-2025,West  Bengal,0,0.0,0.0,0.0
27-11-2025,West Bangal,0,0.0,0.0,0.0
27-11-2025,West Bengal,2745,0.0,0.0,2745.0
27-11-2025,Westbengal,0,0.0,0.0,0.0
27-12-2025,Andaman & Nicobar Islands,0,4.0,0.0,0.0
27-12-2025,Andaman and Nicobar Islands,1,29.0,0.0,1.0
27-12-2025,Andhra Pradesh,1958,6720.0,104.0,1854.0
27-12-2025,Arunachal Pradesh,29,51.0,23.0,6.0
27-12-2025,Assam,731,3019.0,497.0,234.0
27-12-2025,Bihar,3506,13454.0,5670.0,-2164.0
27-12-2025,Chandigarh,43,59.0,7.0,36.0
27-12-2025,Chhattisgarh,2186,21502.0,172.0,2014.0
27-12-2025,Dadra and Nagar Haveli,28,39.0,1.0,27.0
27-12-2025,Dadra and Nagar Haveli and Daman and Diu,5,3.0,0.0,5.0
27-12-2025,Daman & Diu,2,0.0,0.0,2.0
27-12-2025,Daman and Diu,6,10.0,0.0,6.0
27-12-2025,Delhi,681,5263.0,197.0,484.0
27-12-2025,Goa,30,201.0,3.0,27.0
27-12-2025,Gujarat,1987,6435.0,168.0,1819.0
27-12-2025,Haryana,904,4550.0,92.0,812.0
27-12-2025,Himachal Pradesh,195,870.0,9.0,186.0
27-12-2025,Jammu & Kashmir,0,0.0,0.0,0.0
27-12-2025,Jammu and Kashmir,556,4307.0,79.0,477.0
27-12-2025,Jharkhand,1460,4952.0,615.0,845.0
27-12-2025,Karnataka,1802,10075.0,258.0,1544.0
27-12-2025,Kerala,512,4877.0,169.0,343.0
27-12-2025,Ladakh,5,6.0,4.0,1.0
27-12-2025,Lakshadweep,0,10.0,0.0,0.0
27-12-2025,Madanapalle,0,0.0,0.0,0.0
27-12-2025,Madhya Pradesh,2147,14996.0,864.0,1283.0
27-12-2025,Maharashtra,3381,19332.0,322.0,3059.0
27-12-2025,Manipur,382,432.0,36.0,346.0
27-12-2025,Meghalaya,22,14.0,24.0,-2.0
27-12-2025,Mizoram,8,20.0,6.0,2.0
27-12-2025,Nagaland,16,19.0,9.0,7.0
27-12-2025,ODISHA,0,0.0,0.0,0.0
27-12-2025,Odisha,1495,4087.0,190.0,1305.0
27-12-2025,Orissa,42,38.0,1.0,41.0
27-12-2025,Pondicherry,9,23.0,1.0,8.0
27-12-2025,Puducherry,40,164.0,3.0,37.0
27-12-2025,Punjab,384,1234.0,26.0,358.0
27-12-2025,Rajasthan,2621,9621.0,560.0,2061.0
27-12-2025,Sikkim,2,0.0,1.0,1.0
27-12-2025,Tamil Nadu,3500,18011.0,191.0,3309.0
27-12-2025,Telangana,2271,7649.0,87.0,2184.0
27-12-2025,Tripura,97,166.0,31.0,66.0
27-12-2025,Uttar Pradesh,6302,20905.0,2269.0,4033.0
27-12-2025,Uttarakhand,373,3553.0,18.0,355.0
27-12-2025,West  Bengal,0,0.0,0.0,0.0
27-12-2025,West Bangal,0,0.0,0.0,0.0
27-12-2025,West Bengal,1659,3965.0,380.0,1279.0
27-12-2025,Westbengal,0,0.0,0.0,0.0
28-10-2025,Andaman & Nicobar Islands,0,1.0,0.0,0.0
28-10-2025,Andaman and Nicobar Islands,3,33.0,0.0,3.0
28-10-2025,Andhra Pradesh,2551,6781.0,79.0,2472.0
28-10-2025,Arunachal Pradesh,39,61.0,13.0,26.0
28-10-2025,Assam,344,1030.0,179.0,165.0
28-10-2025,Bihar,705,1624.0,1045.0,-340.0
28-10-2025,Chandigarh,9,26.0,2.0,7.0
28-10-2025,Chhattisgarh,425,1513.0,91.0,334.0
28-10-2025,Dadra & Nagar Haveli,0,0.0,0.0,0.0
28-10-2025,Dadra and Nagar Haveli,1,1.0,0.0,1.0
28-10-2025,Dadra and Nagar Haveli and Daman and Diu,1,0.0,0.0,1.0
28-10-2025,Daman & Diu,2,1.0,0.0,2.0
28-10-2025,Daman and Diu,1,1.0,0.0,1.0
28-10-2025,Delhi,165,609.0,64.0,101.0
28-10-2025,Goa,19,66.0,2.0,17.0
28-10-2025,Gujarat,378,915.0,32.0,346.0
28-10-2025,Haryana,447,1897.0,36.0,411.0
28-10-2025,Himachal Pradesh,122,705.0,6.0,116.0
28-10-2025,Jammu & Kashmir,0,0.0,0.0,0.0
28-10-2025,Jammu and Kashmir,250,1331.0,64.0,186.0
28-10-2025,Jharkhand,345,935.0,345.0,0.0
28-10-2025,Karnataka,1415,2491.0,122.0,1293.0
28-10-2025,Kerala,503,582.0,181.0,322.0
28-10-2025,Ladakh,7,3.0,0.0,7.0
28-10-2025,Madhya Pradesh,755,3260.0,288.0,467.0
28-10-2025,Maharashtra,903,3869.0,137.0,766.0
28-10-2025,Manipur,291,594.0,35.0,256.0
28-10-2025,Meghalaya,44,110.0,53.0,-9.0
28-10-2025,Mizoram,26,103.0,9.0,17.0
28-10-2025,Nagaland,45,109.0,17.0,28.0
28-10-2025,Odisha,1339,3360.0,88.0,1251.0
28-10-2025,Orissa,25,30.0,4.0,21.0
28-10-2025,Pondicherry,6,15.0,1.0,5.0
28-10-2025,Puducherry,26,50.0,2.0,24.0
28-10-2025,Punjab,265,1454.0,48.0,217.0
28-10-2025,Rajasthan,897,2059.0,465.0,432.0
28-10-2025,Sikkim,12,5.0,1.0,11.0
28-10-2025,Tamil Nadu,3296,7392.0,315.0,2981.0
28-10-2025,Telangana,4328,5304.0,225.0,4103.0
28-10-2025,Tripura,129,369.0,21.0,108.0
28-10-2025,Uttar Pradesh,2741,12945.0,1461.0,1280.0
28-10-2025,Uttarakhand,78,786.0,16.0,62.0
28-10-2025,WEST BENGAL,0,0.0,0.0,0.0
28-10-2025,WESTBENGAL,0,0.0,0.0,0.0
28-10-2025,West Bengal,442,577.0,163.0,279.0
28-11-2025,Andaman & Nicobar Islands,0,0.0,0.0,0.0
28-11-2025,Andaman and Nicobar Islands,7,0.0,0.0,7.0
28-11-2025,Andhra Pradesh,2302,0.0,0.0,2302.0
28-11-2025,Arunachal Pradesh,62,0.0,0.0,62.0
28-11-2025,Assam,800,0.0,0.0,800.0
28-11-2025,Bihar,4626,0.0,0.0,4626.0
28-11-2025,Chandigarh,32,0.0,0.0,32.0
28-11-2025,Chhattisgarh,1965,0.0,0.0,1965.0
28-11-2025,Dadra & Nagar Haveli,0,0.0,0.0,0.0
28-11-2025,Dadra and Nagar Haveli,7,0.0,0.0,7.0
28-11-2025,Dadra and Nagar Haveli and Daman and Diu,2,0.0,0.0,2.0
28-11-2025,Daman & Diu,2,0.0,0.0,2.0
28-11-2025,Daman and Diu,1,0.0,0.0,1.0
28-11-2025,Delhi,506,0.0,0.0,506.0
28-11-2025,Goa,38,0.0,0.0,38.0
28-11-2025,Gujarat,1251,0.0,0.0,1251.0
28-11-2025,Haryana,834,0.0,0.0,834.0
28-11-2025,Himachal Pradesh,204,0.0,0.0,204.0
28-11-2025,Jammu & Kashmir,0,0.0,0.0,0.0
28-11-2025,Jammu and Kashmir,590,0.0,0.0,590.0
28-11-2025,Jharkhand,1170,0.0,0.0,1170.0
28-11-2025,Karnataka,1316,0.0,0.0,1316.0
28-11-2025,Kerala,634,0.0,0.0,634.0
28-11-2025,Ladakh,12,0.0,0.0,12.0
28-11-2025,Lakshadweep,2,0.0,0.0,2.0
28-11-2025,Madhya Pradesh,1678,0.0,0.0,1678.0
28-11-2025,Maharashtra,2103,0.0,0.0,2103.0
28-11-2025,Manipur,427,0.0,0.0,427.0
28-11-2025,Meghalaya,41,0.0,0.0,41.0
28-11-2025,Mizoram,32,0.0,0.0,32.0
28-11-2025,Nagaland,30,0.0,0.0,30.0
28-11-2025,Odisha,1179,0.0,0.0,1179.0
28-11-2025,Orissa,17,0.0,0.0,17.0
28-11-2025,Pondicherry,8,0.0,0.0,8.0
28-11-2025,Puducherry,25,0.0,0.0,25.0
28-11-2025,Punjab,281,0.0,0.0,281.0
28-11-2025,Rajasthan,1847,0.0,0.0,1847.0
28-11-2025,Sikkim,18,0.0,0.0,18.0
28-11-2025,Tamil Nadu,3858,0.0,0.0,3858.0
28-11-2025,Telangana,2326,0.0,0.0,2326.0
28-11-2025,Tripura,199,0.0,0.0,199.0
28-11-2025,Uttar Pradesh,4843,0.0,0.0,4843.0
28-11-2025,Uttarakhand,293,0.0,0.0,293.0
28-11-2025,West Bangal,0,0.0,0.0,0.0
28-11-2025,West Bengal,1874,0.0,0.0,1874.0
28-11-2025,West bengal,0,0.0,0.0,0.0
28-11-2025,Westbengal,0,0.0,0.0,0.0
28-11-2025,odisha,0,0.0,0.0,0.0
28-12-2025,Andaman & Nicobar Islands,0,0.0,0.0,0.0
28-12-2025,Andaman and Nicobar Islands,5,3.0,1.0,4.0
28-12-2025,Andhra Pradesh,1245,815.0,31.0,1214.0
28-12-2025,Arunachal Pradesh,10,14.0,2.0,8.0
28-12-2025,Assam,384,854.0,412.0,-28.0
28-12-2025,Bihar,1935,3370.0,1533.0,402.0
28-12-2025,Chandigarh,21,36.0,0.0,21.0
28-12-2025,Chhattisgarh,942,4033.0,126.0,816.0
28-12-2025,Dadra & Nagar Haveli,0,0.0,0.0,0.0
28-12-2025,Dadra and Nagar Haveli,8,28.0,0.0,8.0
28-12-2025,Dadra and Nagar Haveli and Daman and Diu,17,0.0,0.0,17.0
28-12-2025,Daman & Diu,1,0.0,0.0,1.0
28-12-2025,Daman and Diu,4,4.0,0.0,4.0
28-12-2025,Delhi,581,1049.0,78.0,503.0
28-12-2025,Goa,36,6.0,1.0,35.0
28-12-2025,Gujarat,1319,2580.0,85.0,1234.0
28-12-2025,Haryana,501,582.0,27.0,474.0
28-12-2025,Himachal Pradesh,121,145.0,4.0,117.0
28-12-2025,Jammu & Kashmir,0,0.0,0.0,0.0
28-12-2025,Jammu and Kashmir,374,680.0,39.0,335.0
28-12-2025,Jharkhand,619,1123.0,247.0,372.0
28-12-2025,Karnataka,1144,2822.0,172.0,972.0
28-12-2025,Kerala,372,1272.0,109.0,263.0
28-12-2025,Ladakh,21,5.0,3.0,18.0
28-12-2025,Lakshadweep,1,1.0,0.0,1.0
28-12-2025,Madhya Pradesh,1358,4488.0,358.0,1000.0
28-12-2025,Maharashtra,1869,4664.0,337.0,1532.0
28-12-2025,Manipur,233,246.0,113.0,120.0
28-12-2025,Meghalaya,12,2.0,70.0,-58.0
28-12-2025,Mizoram,5,40.0,6.0,-1.0
28-12-2025,Nagaland,12,7.0,22.0,-10.0
28-12-2025,ODISHA,0,0.0,0.0,0.0
28-12-2025,Odisha,1340,1303.0,354.0,986.0
28-12-2025,Orissa,39,5.0,2.0,37.0
28-12-2025,Pondicherry,5,12.0,0.0,5.0
28-12-2025,Puducherry,38,56.0,1.0,37.0
28-12-2025,Punjab,332,630.0,28.0,304.0
28-12-2025,Rajasthan,1789,3984.0,910.0,879.0
28-12-2025,Sikkim,1,0.0,1.0,0.0
28-12-2025,Tamil Nadu,3107,5639.0,180.0,2927.0
28-12-2025,Telangana,1741,1760.0,123.0,1618.0
28-12-2025,Tripura,33,36.0,34.0,-1.0
28-12-2025,Uttar Pradesh,3756,5773.0,1775.0,1981.0
28-12-2025,Uttarakhand,191,1303.0,7.0,184.0
28-12-2025,West Bangal,0,0.0,0.0,0.0
28-12-2025,West Bengal,1347,2356.0,213.0,1134.0
29-10-2025,Andaman & Nicobar Islands,0,4.0,0.0,0.0
29-10-2025,Andaman and Nicobar Islands,6,43.0,0.0,6.0
29-10-2025,Andhra Pradesh,1169,8878.0,105.0,1064.0
29-10-2025,Arunachal Pradesh,57,178.0,10.0,47.0
29-10-2025,Assam,434,2147.0,202.0,232.0
29-10-2025,Bihar,2304,2447.0,855.0,1449.0
29-10-2025,Chandigarh,35,130.0,2.0,33.0
29-10-2025,Chhattisgarh,958,5682.0,113.0,845.0
29-10-2025,Dadra & Nagar Haveli,0,0.0,0.0,0.0
29-10-2025,Dadra and Nagar Haveli,5,26.0,1.0,4.0
29-10-2025,Dadra and Nagar Haveli and Daman and Diu,3,1.0,0.0,3.0
29-10-2025,Daman & Diu,0,0.0,0.0,0.0
29-10-2025,Daman and Diu,2,2.0,0.0,2.0
29-10-2025,Delhi,395,1513.0,95.0,300.0
29-10-2025,Goa,30,256.0,0.0,30.0
29-10-2025,Gujarat,642,1558.0,26.0,616.0
29-10-2025,Haryana,494,3588.0,36.0,458.0
29-10-2025,Himachal Pradesh,180,1397.0,3.0,177.0
29-10-2025,Jammu & Kashmir,0,0.0,0.0,0.0
29-10-2025,Jammu and Kashmir,112,1395.0,59.0,53.0
29-10-2025,Jharkhand,503,1032.0,232.0,271.0
29-10-2025,Karnataka,754,5822.0,263.0,491.0
29-10-2025,Kerala,321,896.0,175.0,146.0
29-10-2025,Ladakh,3,11.0,0.0,3.0
29-10-2025,Lakshadweep,2,8.0,0.0,2.0
29-10-2025,Madhya Pradesh,1347,10227.0,243.0,1104.0
29-10-2025,Maharashtra,1893,18565.0,206.0,1687.0
29-10-2025,Manipur,582,1831.0,57.0,525.0
29-10-2025,Meghalaya,120,267.0,56.0,64.0
29-10-2025,Mizoram,45,239.0,4.0,41.0
29-10-2025,Nagaland,111,223.0,25.0,86.0
29-10-2025,Odisha,1363,6544.0,117.0,1246.0
29-10-2025,Orissa,7,32.0,1.0,6.0
29-10-2025,Pondicherry,6,31.0,0.0,6.0
29-10-2025,Puducherry,9,104.0,1.0,8.0
29-10-2025,Punjab,272,1994.0,41.0,231.0
29-10-2025,Rajasthan,1205,4611.0,514.0,691.0
29-10-2025,Sikkim,26,14.0,0.0,26.0
29-10-2025,Tamil Nadu,1125,13481.0,157.0,968.0
29-10-2025,Telangana,400,2873.0,126.0,274.0
29-10-2025,Tripura,78,242.0,7.0,71.0
29-10-2025,Uttar Pradesh,3777,17071.0,1628.0,2149.0
29-10-2025,Uttarakhand,172,1669.0,33.0,139.0
29-10-2025,WEST BENGAL,0,0.0,0.0,0.0
29-10-2025,West  Bengal,0,0.0,0.0,0.0
29-10-2025,West Bangal,0,1.0,0.0,0.0
29-10-2025,West Bengal,1297,1523.0,396.0,901.0
29-10-2025,andhra pradesh,0,0.0,0.0,0.0
29-11-2025,Andaman & Nicobar Islands,0,0.0,0.0,0.0
29-11-2025,Andaman and Nicobar Islands,4,0.0,0.0,4.0
29-11-2025,Andhra Pradesh,3525,0.0,0.0,3525.0
29-11-2025,Arunachal Pradesh,14,0.0,0.0,14.0
29-11-2025,Assam,580,0.0,0.0,580.0
29-11-2025,Bihar,1980,0.0,0.0,1980.0
29-11-2025,Chandigarh,17,0.0,0.0,17.0
29-11-2025,Chhattisgarh,891,0.0,0.0,891.0
29-11-2025,Dadra and Nagar Haveli,8,0.0,0.0,8.0
29-11-2025,Dadra and Nagar Haveli and Daman and Diu,0,0.0,0.0,0.0
29-11-2025,Daman and Diu,5,0.0,0.0,5.0
29-11-2025,Delhi,266,0.0,0.0,266.0
29-11-2025,Goa,26,0.0,0.0,26.0
29-11-2025,Gujarat,673,0.0,0.0,673.0
29-11-2025,Haryana,303,0.0,0.0,303.0
29-11-2025,Himachal Pradesh,94,0.0,0.0,94.0
29-11-2025,Jammu & Kashmir,0,0.0,0.0,0.0
29-11-2025,Jammu and Kashmir,147,0.0,0.0,147.0
29-11-2025,Jharkhand,598,0.0,0.0,598.0
29-11-2025,Karnataka,1554,0.0,0.0,1554.0
29-11-2025,Kerala,552,0.0,0.0,552.0
29-11-2025,Ladakh,5,0.0,0.0,5.0
29-11-2025,Lakshadweep,1,0.0,0.0,1.0
29-11-2025,Madhya Pradesh,1212,0.0,0.0,1212.0
29-11-2025,Maharashtra,2176,0.0,0.0,2176.0
29-11-2025,Manipur,404,0.0,0.0,404.0
29-11-2025,Meghalaya,38,0.0,0.0,38.0
29-11-2025,Mizoram,22,0.0,0.0,22.0
29-11-2025,Nagaland,18,0.0,0.0,18.0
29-11-2025,Odisha,1002,0.0,0.0,1002.0
29-11-2025,Orissa,14,0.0,0.0,14.0
29-11-2025,Pondicherry,11,0.0,0.0,11.0
29-11-2025,Puducherry,14,0.0,0.0,14.0
29-11-2025,Punjab,162,0.0,0.0,162.0
29-11-2025,Rajasthan,708,0.0,0.0,708.0
29-11-2025,Sikkim,10,0.0,0.0,10.0
29-11-2025,Tamil Nadu,2484,0.0,0.0,2484.0
29-11-2025,Telangana,1686,0.0,0.0,1686.0
29-11-2025,Tripura,42,0.0,0.0,42.0
29-11-2025,Uttar Pradesh,2626,0.0,0.0,2626.0
29-11-2025,Uttarakhand,178,0.0,0.0,178.0
29-11-2025,West Bangal,0,0.0,0.0,0.0
29-11-2025,West Bengal,970,0.0,0.0,970.0
29-11-2025,Westbengal,0,0.0,0.0,0.0
29-11-2025,odisha,0,0.0,0.0,0.0
29-12-2025,Andaman & Nicobar Islands,0,5.0,0.0,0.0
29-12-2025,Andaman and Nicobar Islands,11,62.0,0.0,11.0
29-12-2025,Andhra Pradesh,882,4910.0,49.0,833.0
29-12-2025,Arunachal Pradesh,47,231.0,8.0,39.0
29-12-2025,Assam,770,3255.0,246.0,524.0
29-12-2025,Bihar,2345,8852.0,2006.0,339.0
29-12-2025,Chandigarh,6,31.0,0.0,6.0
29-12-2025,Chhattisgarh,978,6534.0,87.0,891.0
29-12-2025,Dadra and Nagar Haveli,4,17.0,2.0,2.0
29-12-2025,Dadra and Nagar Haveli and Daman and Diu,2,0.0,0.0,2.0
29-12-2025,Daman & Diu,0,1.0,0.0,0.0
29-12-2025,Daman and Diu,2,5.0,0.0,2.0
29-12-2025,Delhi,313,1369.0,61.0,252.0
29-12-2025,Goa,15,160.0,3.0,12.0
29-12-2025,Gujarat,1043,2436.0,149.0,894.0
29-12-2025,Haryana,242,1275.0,5.0,237.0
29-12-2025,Himachal Pradesh,73,296.0,1.0,72.0
29-12-2025,Jammu & Kashmir,0,0.0,0.0,0.0
29-12-2025,Jammu and Kashmir,226,1269.0,17.0,209.0
29-12-2025,Jharkhand,460,1397.0,130.0,330.0
29-12-2025,Karnataka,396,3256.0,40.0,356.0
29-12-2025,Kerala,171,1742.0,101.0,70.0
29-12-2025,Ladakh,7,9.0,0.0,7.0
29-12-2025,Lakshadweep,1,0.0,0.0,1.0
29-12-2025,Madhya Pradesh,846,5506.0,389.0,457.0
29-12-2025,Maharashtra,1282,8562.0,237.0,1045.0
29-12-2025,Manipur,175,291.0,25.0,150.0
29-12-2025,Meghalaya,11,36.0,26.0,-15.0
29-12-2025,Mizoram,6,11.0,3.0,3.0
29-12-2025,Nagaland,9,19.0,8.0,1.0
29-12-2025,Odisha,599,2680.0,50.0,549.0
29-12-2025,Orissa,6,20.0,1.0,5.0
29-12-2025,Pondicherry,2,6.0,0.0,2.0
29-12-2025,Puducherry,19,93.0,1.0,18.0
29-12-2025,Punjab,206,1386.0,31.0,175.0
29-12-2025,Rajasthan,1178,5908.0,520.0,658.0
29-12-2025,Sikkim,3,12.0,0.0,3.0
29-12-2025,Tamil Nadu,2573,12785.0,136.0,2437.0
29-12-2025,Telangana,775,3307.0,114.0,661.0
29-12-2025,Tripura,158,397.0,17.0,141.0
29-12-2025,Uttar Pradesh,4982,17624.0,2667.0,2315.0
29-12-2025,Uttarakhand,273,4536.0,38.0,235.0
29-12-2025,WEST BENGAL,0,0.0,0.0,0.0
29-12-2025,WESTBENGAL,0,0.0,0.0,0.0
29-12-2025,West  Bengal,0,1.0,0.0,0.0
29-12-2025,West Bangal,0,0.0,0.0,0.0
29-12-2025,West Bengal,1647,5399.0,499.0,1148.0
29-12-2025,West bengal,0,0.0,0.0,0.0
30-10-2025,Andaman & Nicobar Islands,0,0.0,0.0,0.0
30-10-2025,Andaman and Nicobar Islands,2,6.0,1.0,1.0
30-10-2025,Andhra Pradesh,3533,10070.0,270.0,3263.0
30-10-2025,Arunachal Pradesh,8,15.0,10.0,-2.0
30-10-2025,Assam,267,2134.0,415.0,-148.0
30-10-2025,Bihar,1488,2456.0,1410.0,78.0
30-10-2025,Chandigarh,18,153.0,7.0,11.0
30-10-2025,Chhattisgarh,364,3316.0,287.0,77.0
30-10-2025,Dadra & Nagar Haveli,0,1.0,0.0,0.0
30-10-2025,Dadra and Nagar Haveli,0,2.0,1.0,-1.0
30-10-2025,Dadra and Nagar Haveli and Daman and Diu,0,0.0,0.0,0.0
30-10-2025,Daman & Diu,0,0.0,0.0,0.0
30-10-2025,Daman and Diu,1,14.0,0.0,1.0
30-10-2025,Delhi,254,1430.0,181.0,73.0
30-10-2025,Goa,5,294.0,4.0,1.0
30-10-2025,Gujarat,449,3399.0,369.0,80.0
30-10-2025,Haryana,699,2653.0,196.0,503.0
30-10-2025,Himachal Pradesh,159,979.0,18.0,141.0
30-10-2025,Jammu & Kashmir,0,0.0,0.0,0.0
30-10-2025,Jammu and Kashmir,319,3824.0,298.0,21.0
30-10-2025,Jharkhand,578,1074.0,645.0,-67.0
30-10-2025,Karnataka,1545,5817.0,656.0,889.0
30-10-2025,Kerala,764,2912.0,653.0,111.0
30-10-2025,Ladakh,9,17.0,8.0,1.0
30-10-2025,Lakshadweep,1,15.0,0.0,1.0
30-10-2025,Madhya Pradesh,1303,9906.0,2969.0,-1666.0
30-10-2025,Maharashtra,1492,27712.0,1542.0,-50.0
30-10-2025,Manipur,389,3346.0,221.0,168.0
30-10-2025,Meghalaya,56,1125.0,241.0,-185.0
30-10-2025,Mizoram,22,232.0,10.0,12.0
30-10-2025,Nagaland,45,540.0,97.0,-52.0
30-10-2025,Odisha,840,11834.0,514.0,326.0
30-10-2025,Orissa,12,70.0,7.0,5.0
30-10-2025,Pondicherry,11,27.0,1.0,10.0
30-10-2025,Puducherry,42,120.0,2.0,40.0
30-10-2025,Punjab,242,6326.0,220.0,22.0
30-10-2025,Rajasthan,1150,5028.0,2500.0,-1350.0
30-10-2025,Sikkim,7,28.0,6.0,1.0
30-10-2025,Tamil Nadu,3795,19890.0,1072.0,2723.0
30-10-2025,Telangana,2891,9208.0,723.0,2168.0
30-10-2025,Tripura,77,1070.0,105.0,-28.0
30-10-2025,Uttar Pradesh,4266,23364.0,7947.0,-3681.0
30-10-2025,Uttarakhand,241,2192.0,169.0,72.0
30-10-2025,West  Bengal,0,0.0,0.0,0.0
30-10-2025,West Bengal,1296,5539.0,1890.0,-594.0
31-10-2025,Andaman & Nicobar Islands,0,4.0,0.0,0.0
31-10-2025,Andaman and Nicobar Islands,7,41.0,0.0,7.0
31-10-2025,Andhra Pradesh,8457,29810.0,208.0,8249.0
31-10-2025,Arunachal Pradesh,84,587.0,17.0,67.0
31-10-2025,Assam,853,6063.0,405.0,448.0
31-10-2025,Bihar,3701,4863.0,2634.0,1067.0
31-10-2025,Chandigarh,35,213.0,2.0,33.0
31-10-2025,Chhattisgarh,1125,7684.0,301.0,824.0
31-10-2025,Dadra & Nagar Haveli,0,0.0,0.0,0.0
31-10-2025,Dadra and Nagar Haveli,19,43.0,0.0,19.0
31-10-2025,Dadra and Nagar Haveli and Daman and Diu,4,0.0,1.0,3.0
31-10-2025,Daman & Diu,0,1.0,1.0,-1.0
31-10-2025,Daman and Diu,4,11.0,0.0,4.0
31-10-2025,Delhi,438,1468.0,170.0,268.0
31-10-2025,Goa,39,424.0,4.0,35.0
31-10-2025,Gujarat,994,3508.0,289.0,705.0
31-10-2025,Haryana,668,3139.0,83.0,585.0
31-10-2025,Himachal Pradesh,176,1061.0,7.0,169.0
31-10-2025,Jammu & Kashmir,0,0.0,0.0,0.0
31-10-2025,Jammu and Kashmir,386,2575.0,98.0,288.0
31-10-2025,Jharkhand,668,1242.0,398.0,270.0
31-10-2025,Karnataka,2383,5578.0,429.0,1954.0
31-10-2025,Kerala,1199,2527.0,258.0,941.0
31-10-2025,Ladakh,9,13.0,2.0,7.0
31-10-2025,Lakshadweep,0,7.0,0.0,0.0
31-10-2025,Madhya Pradesh,1680,7221.0,1214.0,466.0
31-10-2025,Maharashtra,2853,22175.0,669.0,2184.0
31-10-2025,Manipur,1028,2636.0,71.0,957.0
31-10-2025,Meghalaya,131,738.0,171.0,-40.0
31-10-2025,Mizoram,63,139.0,16.0,47.0
31-10-2025,Nagaland,84,274.0,82.0,2.0
31-10-2025,ODISHA,0,0.0,0.0,0.0
31-10-2025,Odisha,2550,11332.0,337.0,2213.0
31-10-2025,Orissa,20,81.0,10.0,10.0
31-10-2025,Pondicherry,15,25.0,4.0,11.0
31-10-2025,Puducherry,58,89.0,3.0,55.0
31-10-2025,Punjab,425,4172.0,123.0,302.0
31-10-2025,Rajasthan,1536,2979.0,999.0,537.0
31-10-2025,Sikkim,28,30.0,9.0,19.0
31-10-2025,Tamil Nadu,5846,16925.0,522.0,5324.0
31-10-2025,Telangana,3586,6717.0,273.0,3313.0
31-10-2025,Tripura,208,735.0,49.0,159.0
31-10-2025,Uttar Pradesh,5237,18364.0,5351.0,-114.0
31-10-2025,Uttarakhand,280,1855.0,128.0,152.0
31-10-2025,WEST BENGAL,0,0.0,0.0,0.0
31-10-2025,WESTBENGAL,0,1.0,0.0,0.0
31-10-2025,West  Bengal,0,0.0,0.0,0.0
31-10-2025,West Bangal,0,0.0,0.0,0.0
31-10-2025,West Bengal,4196,5959.0,1403.0,2793.0
31-10-2025,andhra pradesh,0,0.0,0.0,0.0
